{"type":"FeatureCollection","features":[{"type":"Feature","id":"64101","properties":{"ZCTA5":"64101","GEOID":"64101","NAME":"ZCTA5 64101","AREALAND":1055186,"AREAWATER":0,"INTPTLAT":"+39.1034676","INTPTLON":"-094.6006099"},"geometry":{"type":"Polygon","coordinates":[[[-94.60728100039395,39.108901000014164],[-94.60727200017311,39.10874099981882],[-94.60725799992942,39.108361000338775],[-94.60723100016524,39.10780400018301],[-94.60723299981507,39.107596999689015],[-94.60723399963997,39.10749000032003],[-94.60723100016524,39.107309000020955],[-94.60723199999013,39.10668199965829],[-94.60723299981507,39.10594300025021],[-94.60715300034744,39.105590000292594],[-94.60715099979929,39.10542800032452],[-94.60715099979929,39.10535800014565],[-94.60714900014948,39.10446600012484],[-94.60714199957846,39.10190099966287],[-94.60714199957846,39.10181900000427],[-94.60714199957846,39.10142800029494],[-94.60713200043104,39.10067499976768],[-94.60716699969282,39.10041200019367],[-94.60720500022597,39.10013200005134],[-94.60715800037029,39.10004200011796],[-94.60713900010373,39.10000699980302],[-94.60711900001223,39.09997900009625],[-94.60702600012583,39.09984500025015],[-94.60687799998783,39.099661000056976],[-94.6066799996211,39.09952000033031],[-94.60657300038929,39.09947099980061],[-94.6064400003199,39.09942600012351],[-94.6063769996724,39.09941799974412],[-94.60631999977099,39.09940300007608],[-94.60618300040194,39.09938999980348],[-94.60598199966219,39.099398000185985],[-94.60578800039173,39.09943599989931],[-94.60482599994387,39.09975400025633],[-94.60477099969229,39.099635999997425],[-94.60474899995098,39.09952800000097],[-94.60476200036976,39.09910600027475],[-94.60477099969229,39.09889299970319],[-94.60360099973028,39.09877799991587],[-94.60287500018227,39.09867600034767],[-94.6021739998503,39.09855299972891],[-94.60217100037556,39.098710999929104],[-94.60217800004826,39.09877900032099],[-94.60238700028563,39.09944999986193],[-94.6024059996539,39.09958700024549],[-94.60239999980611,39.09972200027655],[-94.60236100034636,39.1003869997033],[-94.60232799983609,39.100481999706915],[-94.60225300039133,39.10059399975954],[-94.6020170003898,39.100647000326205],[-94.60174899970286,39.100663999789255],[-94.60145699962483,39.100654999869],[-94.59987999995701,39.100606000128096],[-94.59884499971423,39.100573999837934],[-94.5986100004359,39.10056999971346],[-94.59840600022139,39.10054400029336],[-94.5983500001449,39.10053399997757],[-94.59897899960852,39.09939499969408],[-94.59961999966602,39.09810299998949],[-94.59967599974252,39.09798300031752],[-94.59934900040268,39.09788799973528],[-94.59742299985712,39.09737300022167],[-94.59733599981848,39.0973500002017],[-94.59730400003143,39.097342000283916],[-94.59695300040214,39.097255000160864],[-94.59645700010961,39.097125000337854],[-94.59633599973577,39.09739699996176],[-94.59601600006864,39.09811899965147],[-94.59529600036842,39.099848999718624],[-94.59506899968937,39.100346999736885],[-94.59538500005688,39.10036300028388],[-94.59476099971779,39.10245500009429],[-94.59429100026284,39.10375100015682],[-94.59418300030781,39.10396700029061],[-94.5940700003299,39.10412500020818],[-94.59398300029126,39.1043149997724],[-94.59360199962643,39.10493199988864],[-94.59352700018168,39.105054000215524],[-94.59348399962566,39.10512700024727],[-94.59343400029526,39.10519800027248],[-94.59338099969351,39.10524999985286],[-94.59334700025663,39.105307000260396],[-94.59301599982052,39.105858000196925],[-94.59256300008398,39.106389999942714],[-94.59233799995309,39.106624999665584],[-94.59210399960135,39.10683099993508],[-94.59129500021268,39.1068119999828],[-94.59121300019692,39.10685600023134],[-94.5910290000739,39.10694299965975],[-94.59131500030418,39.106930999672855],[-94.59155299995554,39.10692899979102],[-94.59197599955483,39.10694399994901],[-94.5925709995816,39.10696900020525],[-94.59272299991756,39.10697600013595],[-94.59271799989469,39.107000999683756],[-94.59260099971884,39.10714699982128],[-94.59209500027885,39.10769699973417],[-94.59191899965344,39.10794699992337],[-94.59175899981987,39.10821600019889],[-94.59155200013065,39.108431999894655],[-94.5916690003065,39.10835300027631],[-94.59191100015583,39.10820800012001],[-94.59203900020236,39.10813799991374],[-94.59337999986859,39.10753700029087],[-94.59459000001358,39.10708899991743],[-94.59507799991022,39.10710299975437],[-94.59540799962309,39.10711200024554],[-94.597724000156,39.10717800032717],[-94.59854599996346,39.10720200021482],[-94.59957000033562,39.10723100012623],[-94.60176200012165,39.10730200012331],[-94.60243900016417,39.10738899969826],[-94.60310000031316,39.10753099999973],[-94.60331600022323,39.10758999981993],[-94.604420000063,39.10795399975701],[-94.60716900024096,39.10886099999938],[-94.60728100039395,39.108901000014164]]]}},{"type":"Feature","id":"64105","properties":{"ZCTA5":"64105","GEOID":"64105","NAME":"ZCTA5 64105","AREALAND":2072012,"AREAWATER":380250,"INTPTLAT":"+39.1061265","INTPTLON":"-094.5902554"},"geometry":{"type":"Polygon","coordinates":[[[-94.60735400018889,39.113444000095775],[-94.60732300022676,39.112414999667074],[-94.60733800029536,39.11171600023684],[-94.60734300031822,39.111202999734694],[-94.60735199964076,39.11044099970212],[-94.60733800029536,39.10990800031285],[-94.60728100039395,39.108901000014164],[-94.60716900024096,39.10886099999938],[-94.604420000063,39.10795399975701],[-94.60331600022323,39.10758999981993],[-94.60310000031316,39.10753099999973],[-94.60243900016417,39.10738899969826],[-94.60176200012165,39.10730200012331],[-94.59957000033562,39.10723100012623],[-94.59854599996346,39.10720200021482],[-94.597724000156,39.10717800032717],[-94.59540799962309,39.10711200024554],[-94.59507799991022,39.10710299975437],[-94.59459000001358,39.10708899991743],[-94.59337999986859,39.10753700029087],[-94.59203900020236,39.10813799991374],[-94.59191100015583,39.10820800012001],[-94.5916690003065,39.10835300027631],[-94.59155200013065,39.108431999894655],[-94.59175899981987,39.10821600019889],[-94.59191899965344,39.10794699992337],[-94.59209500027885,39.10769699973417],[-94.59260099971884,39.10714699982128],[-94.59271799989469,39.107000999683756],[-94.59272299991756,39.10697600013595],[-94.5925709995816,39.10696900020525],[-94.59197599955483,39.10694399994901],[-94.59155299995554,39.10692899979102],[-94.59131500030418,39.106930999672855],[-94.5910290000739,39.10694299965975],[-94.59121300019692,39.10685600023134],[-94.59129500021268,39.1068119999828],[-94.59210399960135,39.10683099993508],[-94.59233799995309,39.106624999665584],[-94.59256300008398,39.106389999942714],[-94.59301599982052,39.105858000196925],[-94.59334700025663,39.105307000260396],[-94.59338099969351,39.10524999985286],[-94.59343400029526,39.10519800027248],[-94.59348399962566,39.10512700024727],[-94.59352700018168,39.105054000215524],[-94.59360199962643,39.10493199988864],[-94.59398300029126,39.1043149997724],[-94.5940700003299,39.10412500020818],[-94.59418300030781,39.10396700029061],[-94.59429100026284,39.10375100015682],[-94.59476099971779,39.10245500009429],[-94.59538500005688,39.10036300028388],[-94.59506899968937,39.100346999736885],[-94.59529600036842,39.099848999718624],[-94.59601600006864,39.09811899965147],[-94.59633599973577,39.09739699996176],[-94.59645700010961,39.097125000337854],[-94.5965209996837,39.096980000091605],[-94.59596699966484,39.096798000259625],[-94.59567999960966,39.09668200010624],[-94.59550700025561,39.09662600013218],[-94.59438400014926,39.096443000342575],[-94.59322300040806,39.096221000303075],[-94.59161099968186,39.09618799967229],[-94.5914850001835,39.09618499974095],[-94.59103800029473,39.09618100006465],[-94.59102599970085,39.09618100006465],[-94.59101200035548,39.09618100006465],[-94.59089199980656,39.096176999690975],[-94.59086099984441,39.096176999690975],[-94.59080899996587,39.096176999690975],[-94.59045099976558,39.0961649999629],[-94.59033500031295,39.09616100028551],[-94.58999999967887,39.096148000112265],[-94.58951699980513,39.09614599992453],[-94.58895699993846,39.09615600016552],[-94.58860200011122,39.096170999827194],[-94.58780500041811,39.096211999815715],[-94.58717900042922,39.096214999745904],[-94.58648399994503,39.09618499974095],[-94.58610900002633,39.09614200024606],[-94.58577299956734,39.096131000257536],[-94.58491999979773,39.096102999708684],[-94.58451499974177,39.09609000022197],[-94.58339599983337,39.09603800015954],[-94.58338800033577,39.096195999721004],[-94.58337800029003,39.09638499999775],[-94.5833339999091,39.09722200001395],[-94.58326100011415,39.09859700025263],[-94.58319599981684,39.09991600001825],[-94.58316599967962,39.10080799975128],[-94.58315700035709,39.10109499981499],[-94.58311700017411,39.10228800020746],[-94.58290299991388,39.10229899993249],[-94.58196399993054,39.102282999824894],[-94.58189399961034,39.103523999828944],[-94.58184099990689,39.10445500004088],[-94.58304299965596,39.10448899991471],[-94.58302299956448,39.10524599999377],[-94.5830169997167,39.10552099988702],[-94.58275599960079,39.106040999946664],[-94.58261400020888,39.10634200030341],[-94.58151399966874,39.10627100003633],[-94.58143800039907,39.10664399966826],[-94.58143000000315,39.10668299995126],[-94.58140599971371,39.106815000159045],[-94.5813970003912,39.10685899970867],[-94.58131600020033,39.107332000277324],[-94.58132100022321,39.10757900022348],[-94.58213499963477,39.107468999981826],[-94.58224400031301,39.107837999835596],[-94.5826920000267,39.1077460001227],[-94.58287100012683,39.10831100010791],[-94.58246299969784,39.1083890002016],[-94.58255899995729,39.10870199997749],[-94.58256700035321,39.108838000242],[-94.5828419998145,39.10956799979068],[-94.58299999999825,39.109637999970744],[-94.58327399963464,39.10958499989055],[-94.58336300022142,39.10986699992477],[-94.58358699962909,39.11058199989028],[-94.58366299979708,39.11082399982263],[-94.58247299974357,39.11107100007759],[-94.58097399989357,39.11138099981025],[-94.58093799990856,39.11150600010364],[-94.58070699992989,39.11234200021333],[-94.58067099994487,39.11260799981595],[-94.58065000002848,39.11268099969112],[-94.58052299980686,39.11298900029888],[-94.57944999992924,39.113082000339986],[-94.5782439999822,39.1131880000798],[-94.57818100023302,39.11319299968876],[-94.57819999960127,39.11329000025751],[-94.57826599972351,39.113616999811434],[-94.57831199975426,39.11384700027044],[-94.57836799983076,39.11412099987375],[-94.57855699997664,39.115056999685855],[-94.57867699962725,39.1156510002352],[-94.57897700010122,39.11713999979459],[-94.57901899993401,39.11736700017891],[-94.57995399971938,39.11684800019591],[-94.57992199993234,39.116735000031234],[-94.58094499958126,39.11629699975277],[-94.5833899999856,39.11520999967252],[-94.58525000040892,39.11440900028232],[-94.58611200039937,39.114038000302244],[-94.58646200020374,39.11389800024929],[-94.58723700015554,39.11359000012955],[-94.58801200010735,39.113307000156624],[-94.58845599962305,39.113112000124694],[-94.58890099986198,39.11291700025019],[-94.58893199982411,39.11290300017413],[-94.5895150001553,39.112599000026584],[-94.58959700017105,39.112556000087885],[-94.58968500003459,39.11253000020947],[-94.59059499970564,39.11193199966118],[-94.59224800043972,39.11117400006356],[-94.59572499981552,39.110004000278174],[-94.59775599994306,39.109762999870455],[-94.59866300013933,39.109831000057426],[-94.599483000297,39.11000100023767],[-94.59962700023704,39.11003099993987],[-94.60105900013986,39.11032799971841],[-94.60255200014207,39.11063699969443],[-94.60263499998275,39.11065400023348],[-94.60274700013575,39.11067700009528],[-94.60390100020425,39.11091599969988],[-94.60477800026331,39.11155799990945],[-94.60721699992153,39.11334300033942],[-94.60735400018889,39.113444000095775]]]}},{"type":"Feature","id":"64106","properties":{"ZCTA5":"64106","GEOID":"64106","NAME":"ZCTA5 64106","AREALAND":4166868,"AREAWATER":0,"INTPTLAT":"+39.1052737","INTPTLON":"-094.5700876"},"geometry":{"type":"Polygon","coordinates":[[[-94.58366299979708,39.11082399982263],[-94.58358699962909,39.11058199989028],[-94.58336300022142,39.10986699992477],[-94.58327399963464,39.10958499989055],[-94.58299999999825,39.109637999970744],[-94.5828419998145,39.10956799979068],[-94.58256700035321,39.108838000242],[-94.58255899995729,39.10870199997749],[-94.58246299969784,39.1083890002016],[-94.58287100012683,39.10831100010791],[-94.5826920000267,39.1077460001227],[-94.58224400031301,39.107837999835596],[-94.58213499963477,39.107468999981826],[-94.58132100022321,39.10757900022348],[-94.58131600020033,39.107332000277324],[-94.5813970003912,39.10685899970867],[-94.58140599971371,39.106815000159045],[-94.58143000000315,39.10668299995126],[-94.58143800039907,39.10664399966826],[-94.58151399966874,39.10627100003633],[-94.58261400020888,39.10634200030341],[-94.58275599960079,39.106040999946664],[-94.5830169997167,39.10552099988702],[-94.58302299956448,39.10524599999377],[-94.58304299965596,39.10448899991471],[-94.58184099990689,39.10445500004088],[-94.58189399961034,39.103523999828944],[-94.58196399993054,39.102282999824894],[-94.58290299991388,39.10229899993249],[-94.58311700017411,39.10228800020746],[-94.58315700035709,39.10109499981499],[-94.58316599967962,39.10080799975128],[-94.58319599981684,39.09991600001825],[-94.58326100011415,39.09859700025263],[-94.5833339999091,39.09722200001395],[-94.58337800029003,39.09638499999775],[-94.58338800033577,39.096195999721004],[-94.58339599983337,39.09603800015954],[-94.58227500027516,39.095983000118814],[-94.58111199998584,39.09592299989869],[-94.57992799978012,39.09585800018357],[-94.57874100009967,39.09579400015887],[-94.57847900015885,39.095789999763255],[-94.57824499980711,39.09579599965946],[-94.57796000030007,39.09581499979214],[-94.5778280000556,39.095834999669414],[-94.57778100019992,39.09584200000858],[-94.57768999996334,39.095855999987606],[-94.57760799994757,39.095867999768274],[-94.57758700003117,39.09587099971309],[-94.57750099981745,39.095883999937406],[-94.57673500008647,39.09600099975658],[-94.57621600022769,39.09607499984589],[-94.57522700001566,39.09624499973808],[-94.57411700032809,39.096436000063065],[-94.57401100002288,39.09645400028238],[-94.57350700023272,39.096540999999455],[-94.57337800036129,39.09655499983974],[-94.57317199959866,39.09658699986256],[-94.57293399994727,39.09664799995304],[-94.57289200011448,39.09666300020718],[-94.57279500003011,39.0962439999942],[-94.57169200001523,39.09619700016276],[-94.57143799957201,39.09618699992758],[-94.57145900038672,39.09602499996361],[-94.57151700011306,39.09570700021732],[-94.57157900003733,39.09546700018268],[-94.5713870004167,39.09546100025848],[-94.57009699990579,39.09541499966081],[-94.56878100035391,39.0953700001838],[-94.56583600035736,39.09526799986853],[-94.56455300041743,39.095226000269996],[-94.56400600007126,39.09520900019298],[-94.56283799975905,39.09517299981132],[-94.56178900017086,39.09514000008439],[-94.56083400029402,39.09511000031922],[-94.56079599976087,39.095881999742126],[-94.56079400011104,39.09592800003515],[-94.56078499989022,39.09611500014449],[-94.56078300024039,39.096151000045225],[-94.5607689999967,39.09644799974503],[-94.56070799989733,39.09782299974011],[-94.56065099999591,39.099106999978076],[-94.55959900003467,39.09914100033983],[-94.5594390002011,39.10032300030381],[-94.56058499987367,39.100359000147485],[-94.56052200012446,39.10153899987303],[-94.56045699982715,39.10277500007868],[-94.56045099997938,39.10289400031016],[-94.55989000028782,39.10283799969314],[-94.55966500015691,39.10280700006695],[-94.55955200017901,39.10277599972997],[-94.5582499999725,39.10270199970254],[-94.55820300011685,39.10376800026555],[-94.55813199997172,39.10475200031213],[-94.56036099956768,39.1048139999316],[-94.56034600039737,39.10519500002742],[-94.56024400029014,39.10665000003496],[-94.56007600006065,39.10664300007182],[-94.55996300008275,39.10830999983805],[-94.55850600006555,39.10824599996386],[-94.55847000008053,39.108774999716424],[-94.55844099976821,39.109189999707866],[-94.558594999754,39.10919599985782],[-94.55856700016491,39.109670999882184],[-94.55861300019566,39.11014600019039],[-94.55873200002134,39.11061200004221],[-94.55877899987702,39.11073199982529],[-94.5589479999314,39.111157000346935],[-94.55948600005676,39.111701999922126],[-94.56045099997938,39.11255000022399],[-94.56054700023883,39.11267199991112],[-94.56062800042969,39.112818999659176],[-94.56067799976009,39.11297500023707],[-94.56067299973722,39.1130719997119],[-94.56037300016156,39.113304999758704],[-94.56032100028303,39.11334500003924],[-94.56001699961111,39.11354499970737],[-94.55969699994395,39.11372700021552],[-94.55954999963087,39.113799000133575],[-94.55936100038329,39.11389299999333],[-94.55909900044249,39.11400400015564],[-94.5585880000813,39.11415399977699],[-94.55793899962788,39.11434300000222],[-94.55771900041816,39.11442800027759],[-94.55750900035588,39.11452799969119],[-94.55727300035434,39.11466600022422],[-94.55705700044427,39.11482200019825],[-94.55685499987959,39.11500300002127],[-94.55673400040409,39.11515700029782],[-94.55660999965721,39.115282000166296],[-94.55646999991514,39.11539600004251],[-94.5563479997164,39.115464999841336],[-94.5555319997567,39.115664999765315],[-94.55503499963923,39.115829000227315],[-94.55450900010777,39.11599700025374],[-94.55394599986808,39.11614500019411],[-94.55329599958974,39.11630999969525],[-94.55265100023259,39.11644999983485],[-94.55201400037303,39.116606000041145],[-94.55126899966014,39.116802000311104],[-94.55060300038659,39.11691400022058],[-94.55012100033775,39.116987999963534],[-94.54981900021397,39.11702200006428],[-94.54917700033155,39.117197000343616],[-94.5491110002093,39.11720299981185],[-94.54902900019353,39.117187999746434],[-94.54897399994195,39.117163000327366],[-94.54891700004053,39.11711499966146],[-94.54888400042857,39.11705399985707],[-94.54890500034497,39.11679799971363],[-94.54894100032998,39.11666200017391],[-94.54899700040647,39.11655600008412],[-94.54907699987412,39.11645899982933],[-94.54959200043324,39.11599700025374],[-94.54962900024314,39.115933999855166],[-94.54963699974076,39.115863999656],[-94.54959499990797,39.11577199996554],[-94.54922699966194,39.115484999719854],[-94.5489069999948,39.11523499978456],[-94.5488099999104,39.11508099967842],[-94.54878399997115,39.114988000184496],[-94.54877899994827,39.11489200003861],[-94.54879599966671,39.11479800011752],[-94.54883300037496,39.11470699991128],[-94.54891799986545,39.11459099995292],[-94.54923800043092,39.114028999998546],[-94.54934700021086,39.113800000325526],[-94.54940099973922,39.1136209998925],[-94.54940900013513,39.11357600018714],[-94.54815200013448,39.113574999992004],[-94.54814799993652,39.11425099971991],[-94.54805900024805,39.11611299998849],[-94.54802599973779,39.11734800027919],[-94.54807900033956,39.117694999767856],[-94.54818200027171,39.11818299995128],[-94.54822300027959,39.118174000177014],[-94.54914299999635,39.11802799988368],[-94.54986699989453,39.11791299995045],[-94.55025000020918,39.117842000188844],[-94.55122199980448,39.1176589997176],[-94.5514629998289,39.1176139998031],[-94.55237400022315,39.1174199999822],[-94.55339100002429,39.11720299981185],[-94.55380199992803,39.11711499966146],[-94.55677500041196,39.11648000027667],[-94.55869000018855,39.11608000030569],[-94.55964400024051,39.115880000165674],[-94.56324299981502,39.115128000162876],[-94.56455699971708,39.11476599999712],[-94.56470700040323,39.11472800018378],[-94.56541799988261,39.1145549997107],[-94.566436000407,39.114334999921844],[-94.56746200042896,39.11414200032084],[-94.56858999965988,39.11396599993138],[-94.56863499986571,39.1139619998699],[-94.56868099989646,39.11395300025351],[-94.57006099992077,39.11378500023273],[-94.57198900011616,39.11359800029451],[-94.57218699958456,39.11358000027053],[-94.57312899994095,39.113491999777445],[-94.57405600022872,39.11342799972998],[-94.57449300007171,39.113406999767065],[-94.57714000014244,39.11328399975913],[-94.57794400040656,39.11321399971545],[-94.57797100017073,39.11330799965855],[-94.57802399987416,39.11330400025673],[-94.57819999960127,39.11329000025751],[-94.57818100023302,39.11319299968876],[-94.5782439999822,39.1131880000798],[-94.57944999992924,39.113082000339986],[-94.58052299980686,39.11298900029888],[-94.58065000002848,39.11268099969112],[-94.58067099994487,39.11260799981595],[-94.58070699992989,39.11234200021333],[-94.58093799990856,39.11150600010364],[-94.58097399989357,39.11138099981025],[-94.58247299974357,39.11107100007759],[-94.58366299979708,39.11082399982263]]]}},{"type":"Feature","id":"64108","properties":{"ZCTA5":"64108","GEOID":"64108","NAME":"ZCTA5 64108","AREALAND":9455048,"AREAWATER":4803,"INTPTLAT":"+39.0848951","INTPTLON":"-094.5864696"},"geometry":{"type":"Polygon","coordinates":[[[-94.60733400009741,39.082113000074806],[-94.6073409997701,39.08198500012331],[-94.60733099972434,39.08183600033398],[-94.60732999989943,39.08169000008073],[-94.60732999989943,39.08162699970141],[-94.60731599965574,39.07957099980182],[-94.60733300027249,39.07772800024664],[-94.60733300027249,39.07687600012159],[-94.60733200044758,39.07628499998556],[-94.60733300027249,39.07597600008199],[-94.60733300027249,39.07581199965347],[-94.60733400009741,39.07561299967189],[-94.60733599974722,39.075128999939686],[-94.60733200044758,39.07507899985305],[-94.6073349999223,39.075002999960404],[-94.60731200035609,39.07485700021226],[-94.60724100021098,39.07441599969292],[-94.6072350003632,39.074341999892425],[-94.6072360001881,39.07402999967275],[-94.60723299981507,39.07380700015686],[-94.60728300004378,39.073411999685085],[-94.60732999989943,39.07312000027729],[-94.6073349999223,39.07245400029838],[-94.60733400009741,39.07243099982347],[-94.60727299999803,39.072308000158394],[-94.60697699972204,39.07205500027532],[-94.6067719996826,39.07191000009614],[-94.60662400044292,39.071845999960765],[-94.6064339995738,39.07180300027308],[-94.60570200017801,39.07177499982984],[-94.603947000235,39.07171299975531],[-94.60218300007114,39.07165000023123],[-94.60207599994101,39.07164599986102],[-94.6013009999892,39.071618000052865],[-94.60023399995936,39.07157999999663],[-94.59999299993491,39.071570999851836],[-94.59905899997446,39.07153700014687],[-94.59804399982313,39.0715010002363],[-94.59620100001658,39.07143400014075],[-94.59579199976267,39.07143400014075],[-94.59521699982739,39.07143400014075],[-94.59460799955693,39.071411000030835],[-94.59448200005853,39.0714050001525],[-94.593809000214,39.07137199976664],[-94.59224099986871,39.07129600006619],[-94.5921970003861,39.071293999871045],[-94.59115200009755,39.071253000043384],[-94.58992500023412,39.07120600029667],[-94.5885929998904,39.0711550001206],[-94.58856699995113,39.07115400002106],[-94.58768300021939,39.07112100021527],[-94.58658199985432,39.07107900018646],[-94.5853199998308,39.07103200032386],[-94.58412700030257,39.07098699993642],[-94.58302699976244,39.07094800013537],[-94.58237999985714,39.07092399976427],[-94.58179700042427,39.070902000288704],[-94.5812219995907,39.070880000108836],[-94.58092500038809,39.07086899966759],[-94.58004300030616,39.07083500032186],[-94.5788979995602,39.07078999980882],[-94.57771799955242,39.07074399985917],[-94.577708000405,39.071218000086596],[-94.5774129999539,39.07120999999439],[-94.57741999962658,39.07105599996085],[-94.5772089997394,39.07104799985028],[-94.5772020000667,39.071201999901284],[-94.57710699963214,39.071199000302016],[-94.577047000256,39.0725290000666],[-94.57753000012977,39.07254800019049],[-94.57751099986318,39.0729239999016],[-94.57705300010379,39.072907000028366],[-94.5770189997686,39.07366200009046],[-94.57721600031041,39.073667999776845],[-94.57719899969366,39.07407300009567],[-94.57745899998466,39.07407899974712],[-94.57744899993891,39.07435900011732],[-94.57755100004616,39.07436300033375],[-94.57749199959662,39.07549800027825],[-94.57748099972596,39.075703000097526],[-94.57692199968422,39.075686000196384],[-94.57686999980568,39.076713999734295],[-94.57682899979781,39.077607000067445],[-94.57621799987753,39.07758599989419],[-94.57620399963382,39.077918999813285],[-94.57503899969467,39.07787899965475],[-94.5736529998226,39.07782900012205],[-94.5722450002092,39.07777399982807],[-94.57096999976686,39.0777260002338],[-94.56966799956038,39.07768499995888],[-94.56834399961257,39.07764200034233],[-94.56699500044873,39.07759199994432],[-94.5664089997445,39.077569999758],[-94.5652399996074,39.07753500014477],[-94.56402299978971,39.07748899971016],[-94.56287899976695,39.077441999932454],[-94.56258300038925,39.07743199982735],[-94.56228899976307,39.07742199972082],[-94.56170799998002,39.07740100018987],[-94.56160699969769,39.07921199969702],[-94.56152499968191,39.08101800033986],[-94.56147100015356,39.08220099999386],[-94.5614679997805,39.08226000009213],[-94.561411999704,39.083384000032275],[-94.56134599958177,39.084640999990064],[-94.56131700016776,39.08511299980363],[-94.56127399961176,39.08581800020261],[-94.56004400027359,39.085762999861124],[-94.55782200035033,39.08568800021382],[-94.55782900002302,39.08585800004367],[-94.55781499977931,39.08603099982728],[-94.55788299955138,39.08602599968632],[-94.55795899971938,39.08601999965616],[-94.55805099978089,39.08602599968632],[-94.55821999983526,39.086035000079214],[-94.55833000033844,39.08603900033096],[-94.55841900002692,39.08604199999668],[-94.5584960000198,39.08604499966222],[-94.55855799994407,39.086049999801844],[-94.55861499984549,39.08605900019167],[-94.55867099992199,39.086077000270656],[-94.55873799986914,39.08611400030236],[-94.55878800009786,39.086216999798395],[-94.55880200034156,39.086310000297324],[-94.55878499972481,39.086701000168716],[-94.55877200020431,39.08737099972418],[-94.55875999961044,39.08770099988213],[-94.55875100028793,39.08775699997119],[-94.55872100015071,39.087838000083636],[-94.55866000005133,39.08793999998965],[-94.55854200005055,39.08798300030228],[-94.558306000049,39.08800599989123],[-94.55809299961368,39.08804900016363],[-94.55771900041816,39.08814700032978],[-94.55769599995364,39.08815300017901],[-94.55759899986924,39.08817599971248],[-94.55749900031014,39.088195999664514],[-94.55739899985272,39.08821399989542],[-94.5572990002936,39.08822300000913],[-94.5571999996611,39.08822600027918],[-94.55710500012484,39.08822499972433],[-94.55701200023843,39.08822300000913],[-94.55692400037488,39.0882220001515],[-94.55685099968163,39.08822100029386],[-94.55676299981808,39.088218999881285],[-94.55669800041908,39.08822300000913],[-94.5566239999009,39.08822399986674],[-94.55656799982442,39.088206000335646],[-94.55654199988514,39.08871199981318],[-94.55653799968718,39.088800999716554],[-94.55658500044117,39.08879099982705],[-94.5587980001436,39.08847400008393],[-94.55966799963163,39.08840200009553],[-94.56043799956058,39.088360999749696],[-94.56115599961097,39.08837099970017],[-94.56109700005973,39.08976300031016],[-94.56102900028769,39.09113800027743],[-94.56034899987213,39.09110800020419],[-94.5602429995669,39.092723000175454],[-94.56094999974664,39.09273799987017],[-94.56094800009683,39.09278899978439],[-94.56093300002821,39.09309700016405],[-94.56088399962442,39.094104000339776],[-94.5608689995558,39.094399000057905],[-94.56049199998726,39.09437899977335],[-94.56046400039817,39.094971999840766],[-94.5608400001418,39.09498500023083],[-94.56083400029402,39.09511000031922],[-94.56178900017086,39.09514000008439],[-94.56283799975905,39.09517299981132],[-94.56400600007126,39.09520900019298],[-94.56455300041743,39.095226000269996],[-94.56583600035736,39.09526799986853],[-94.56878100035391,39.0953700001838],[-94.57009699990579,39.09541499966081],[-94.5713870004167,39.09546100025848],[-94.57157900003733,39.09546700018268],[-94.57151700011306,39.09570700021732],[-94.57145900038672,39.09602499996361],[-94.57143799957201,39.09618699992758],[-94.57169200001523,39.09619700016276],[-94.57279500003011,39.0962439999942],[-94.57289200011448,39.09666300020718],[-94.57293399994727,39.09664799995304],[-94.57317199959866,39.09658699986256],[-94.57337800036129,39.09655499983974],[-94.57350700023272,39.096540999999455],[-94.57401100002288,39.09645400028238],[-94.57411700032809,39.096436000063065],[-94.57522700001566,39.09624499973808],[-94.57621600022769,39.09607499984589],[-94.57673500008647,39.09600099975658],[-94.57750099981745,39.095883999937406],[-94.57758700003117,39.09587099971309],[-94.57760799994757,39.095867999768274],[-94.57768999996334,39.095855999987606],[-94.57778100019992,39.09584200000858],[-94.5778280000556,39.095834999669414],[-94.57796000030007,39.09581499979214],[-94.57824499980711,39.09579599965946],[-94.57847900015885,39.095789999763255],[-94.57874100009967,39.09579400015887],[-94.57992799978012,39.09585800018357],[-94.58111199998584,39.09592299989869],[-94.58227500027516,39.095983000118814],[-94.58339599983337,39.09603800015954],[-94.58451499974177,39.09609000022197],[-94.58491999979773,39.096102999708684],[-94.58577299956734,39.096131000257536],[-94.58610900002633,39.09614200024606],[-94.58648399994503,39.09618499974095],[-94.58717900042922,39.096214999745904],[-94.58780500041811,39.096211999815715],[-94.58860200011122,39.096170999827194],[-94.58895699993846,39.09615600016552],[-94.58951699980513,39.09614599992453],[-94.58999999967887,39.096148000112265],[-94.59033500031295,39.09616100028551],[-94.59045099976558,39.0961649999629],[-94.59080899996587,39.096176999690975],[-94.59086099984441,39.096176999690975],[-94.59089199980656,39.096176999690975],[-94.59101200035548,39.09618100006465],[-94.59102599970085,39.09618100006465],[-94.59103800029473,39.09618100006465],[-94.5914850001835,39.09618499974095],[-94.59161099968186,39.09618799967229],[-94.59322300040806,39.096221000303075],[-94.59438400014926,39.096443000342575],[-94.59550700025561,39.09662600013218],[-94.59567999960966,39.09668200010624],[-94.59596699966484,39.096798000259625],[-94.5965209996837,39.096980000091605],[-94.59702199999911,39.09711000018195],[-94.59737699982635,39.09717700029579],[-94.5974849997814,39.09693399978771],[-94.5977030002396,39.09655499983974],[-94.59915500023394,39.09402400022713],[-94.59924999977018,39.09380600005222],[-94.59996100014787,39.09216699966549],[-94.60069400026688,39.09082000010676],[-94.60140399992137,39.089666000134834],[-94.60173500035748,39.089104000159416],[-94.60176899979434,39.08907399991821],[-94.60331299985019,39.08792999997802],[-94.6038919999834,39.08750100009746],[-94.60413600038089,39.08716899995598],[-94.60419499993212,39.087219999713874],[-94.60425299965843,39.08727100013212],[-94.60439699959848,39.08739699981802],[-94.60455800015528,39.087536000344784],[-94.605145999611,39.08718900019355],[-94.60528200005346,39.0871570000896],[-94.60551100038231,39.0871319997804],[-94.60574200036098,39.08714100003216],[-94.6059399998294,39.08718500000701],[-94.60612700032546,39.087250000046396],[-94.6063209995959,39.08734799992816],[-94.6064760003049,39.08745300014844],[-94.60657699968894,39.08756400011173],[-94.6066510002071,39.08767800019372],[-94.60672599965186,39.08787599975141],[-94.60680799966762,39.0884889999851],[-94.6071719997157,39.08842299983827],[-94.60715499999725,39.08898700005293],[-94.60717500008873,39.08969100024307],[-94.6072229997693,39.08970900009243],[-94.60723399963997,39.087503999701],[-94.60723399963997,39.08658500014054],[-94.60723799983793,39.08613699980347],[-94.60723199999013,39.083721000163756],[-94.60723399963997,39.083300999831444],[-94.60724799988368,39.0832059996917],[-94.60723399963997,39.083131000114946],[-94.6072219999444,39.082470000183164],[-94.60733400009741,39.082113000074806]]]}},{"type":"Feature","id":"64109","properties":{"ZCTA5":"64109","GEOID":"64109","NAME":"ZCTA5 64109","AREALAND":5535132,"AREAWATER":4529,"INTPTLAT":"+39.0658299","INTPTLON":"-094.5675967"},"geometry":{"type":"Polygon","coordinates":[[[-94.5855299998931,39.066686000333384],[-94.5855800001218,39.06575400001863],[-94.5844109999847,39.06572199995695],[-94.58430100037985,39.065621999670654],[-94.5843060004027,39.064945000109624],[-94.58400000008096,39.06496299999552],[-94.58376800027737,39.06494999965213],[-94.58347899967406,39.06489800034724],[-94.5833489999777,39.06484500011758],[-94.58327600018278,39.064720000102696],[-94.58139900004102,39.064651000161476],[-94.58093100023588,39.06464100033629],[-94.58097800009153,39.063887000226835],[-94.58099599963488,39.06361599992493],[-94.58043199957028,39.06359100034144],[-94.5804750001263,39.062940000173924],[-94.5804399999662,39.06293899995798],[-94.58047299957815,39.06238999993218],[-94.58050799973824,39.06239100015589],[-94.58054200007345,39.06179100008662],[-94.58076399983129,39.06180100031553],[-94.58100200038098,39.06181000031115],[-94.58104400021377,39.06143200020622],[-94.5805670001878,39.061414000117516],[-94.5806369996097,39.060226000159965],[-94.58126000012383,39.0602269997168],[-94.58127400036754,39.060024000101016],[-94.5806440001807,39.05999700012529],[-94.58070399955683,39.059159999942494],[-94.58071899962546,39.05888999990452],[-94.58074100026506,39.05859399999399],[-94.58081099968696,39.05859599985146],[-94.58083300032658,39.05828800021014],[-94.58075299996064,39.058285000062064],[-94.5807579999835,39.05819299987748],[-94.58082400010575,39.05715299973586],[-94.58083900017438,39.056804999833666],[-94.5807079997548,39.056751999806295],[-94.58034299988181,39.05667599971082],[-94.580193000094,39.056529999720084],[-94.57999999975014,39.05634899977111],[-94.579235999669,39.05632699993842],[-94.57797299982056,39.05629099994369],[-94.5768000003838,39.05625300000688],[-94.5756389997443,39.05620999988848],[-94.57446899978228,39.05616699974394],[-94.57332499975952,39.05612499988565],[-94.57211999963741,39.05607999976068],[-94.57087000020776,39.05604100009418],[-94.56973600023076,39.056004999953636],[-94.56872399955418,39.05596699986292],[-94.56868199972138,39.05596499993099],[-94.56863700041386,39.055962999999046],[-94.5674859998201,39.0559150002196],[-94.5663450001704,39.05587700008044],[-94.5662460004362,39.055873999829934],[-94.56515000009401,39.05582999986167],[-94.56398900035283,39.05578700018326],[-94.56286500042158,39.05574899997523],[-94.5620510001117,39.05572100013929],[-94.56174300014011,39.055710999746736],[-94.56146100010781,39.05570199967126],[-94.5611780002506,39.05569399991326],[-94.56071499957001,39.05567900001572],[-94.56063900030034,39.05567700007563],[-94.56046600004798,39.055671000255124],[-94.56036200029092,39.055666999676895],[-94.55967600002755,39.05564400000998],[-94.5593549996372,39.05563299998462],[-94.55820899996463,39.0555920001288],[-94.55808500011607,39.05558800024369],[-94.55703399997974,39.05555100024918],[-94.55705499989614,39.05521499984521],[-94.55590000000272,39.05517399974671],[-94.55588099973615,39.05551099996935],[-94.55580299991834,39.05550799970329],[-94.55470400010144,39.055477000202],[-94.55464200017715,39.05653899969004],[-94.55409900002896,39.0565189998328],[-94.55411499992248,39.05662199997875],[-94.55407899993746,39.05732499984795],[-94.55348700028375,39.05731499968257],[-94.55345700014654,39.057855000308415],[-94.55360100008657,39.05786099994341],[-94.55402700005892,39.05787600007494],[-94.55399400044696,39.058469999653276],[-94.553982999678,39.058655999733936],[-94.55395900028687,39.059073000159245],[-94.55448900001629,39.05909600010437],[-94.55447300012275,39.059361999683254],[-94.55398100002817,39.059346999867415],[-94.55389499981445,39.06084300026976],[-94.55445200020635,39.060862000051884],[-94.55439799977968,39.06177900008898],[-94.55436799964245,39.06266800020183],[-94.55434400025133,39.06266699998205],[-94.55320299970332,39.06262700024594],[-94.55310700034215,39.06443999985205],[-94.5537070003918,39.06445900006112],[-94.5536169999801,39.06625799977411],[-94.55301299973252,39.06623600023906],[-94.55293200043998,39.06805299979391],[-94.55407100043986,39.06809400008565],[-94.55401199999031,39.069906000045876],[-94.55390900005814,39.07170400032491],[-94.55389700036258,39.071928999689256],[-94.5538079997758,39.0719209996777],[-94.55335000001641,39.071906999829544],[-94.55332699955189,39.072550999732414],[-94.5533009996126,39.072550999732414],[-94.55324000041155,39.07351400022524],[-94.55322600016785,39.073598000149126],[-94.55315500002276,39.075099000031415],[-94.55372800030817,39.0751239997234],[-94.55371700043753,39.07534099971803],[-94.55256699966868,39.075284000192205],[-94.55253099968367,39.07601699995524],[-94.55247999963004,39.077094000322674],[-94.55363000039888,39.07713500024365],[-94.55478899959195,39.07717700015499],[-94.55594600003349,39.07721700001417],[-94.55710099992689,39.077255999837526],[-94.55823999992677,39.077294000324216],[-94.55941099971369,39.07733200009302],[-94.56093100037839,39.077377999932665],[-94.56153499972766,39.07739600013459],[-94.56170799998002,39.07740100018987],[-94.56228899976307,39.07742199972082],[-94.56258300038925,39.07743199982735],[-94.56287899976695,39.077441999932454],[-94.56402299978971,39.07748899971016],[-94.5652399996074,39.07753500014477],[-94.5664089997445,39.077569999758],[-94.56699500044873,39.07759199994432],[-94.56834399961257,39.07764200034233],[-94.56966799956038,39.07768499995888],[-94.57096999976686,39.0777260002338],[-94.5722450002092,39.07777399982807],[-94.5736529998226,39.07782900012205],[-94.57503899969467,39.07787899965475],[-94.57620399963382,39.077918999813285],[-94.57621799987753,39.07758599989419],[-94.57682899979781,39.077607000067445],[-94.57686999980568,39.076713999734295],[-94.57692199968422,39.075686000196384],[-94.57748099972596,39.075703000097526],[-94.57749199959662,39.07549800027825],[-94.57755100004616,39.07436300033375],[-94.57744899993891,39.07435900011732],[-94.57745899998466,39.07407899974712],[-94.57719899969366,39.07407300009567],[-94.57721600031041,39.073667999776845],[-94.5770189997686,39.07366200009046],[-94.57705300010379,39.072907000028366],[-94.57751099986318,39.0729239999016],[-94.57753000012977,39.07254800019049],[-94.577047000256,39.0725290000666],[-94.57710699963214,39.071199000302016],[-94.5772020000667,39.071201999901284],[-94.5772089997394,39.07104799985028],[-94.57741999962658,39.07105599996085],[-94.5774129999539,39.07120999999439],[-94.577708000405,39.071218000086596],[-94.57771799955242,39.07074399985917],[-94.5788979995602,39.07078999980882],[-94.58004300030616,39.07083500032186],[-94.58020200031481,39.06829200020667],[-94.58049199984472,39.068278999778975],[-94.58135200018535,39.06830999993649],[-94.58291299995962,39.068366000074086],[-94.58480299962186,39.068438000285305],[-94.58504899966916,39.06841499989643],[-94.58544700005241,39.06832700021958],[-94.58546299994595,39.0679970001055],[-94.58549399990808,39.06737499968175],[-94.5855299998931,39.066686000333384]]]}},{"type":"Feature","id":"64110","properties":{"ZCTA5":"64110","GEOID":"64110","NAME":"ZCTA5 64110","AREALAND":7735930,"AREAWATER":0,"INTPTLAT":"+39.0344555","INTPTLON":"-094.5726374"},"geometry":{"type":"Polygon","coordinates":[[[-94.58384299972214,39.012827999865436],[-94.58386600018666,39.012418999840186],[-94.5820309998777,39.0123379997389],[-94.58134399978944,39.01256599978705],[-94.58135499966009,39.01244200031735],[-94.58132500042117,39.01249099985235],[-94.58123900020745,39.01257799976923],[-94.58120700042039,39.01259599973867],[-94.58118800015382,39.012610999709736],[-94.58109899956705,39.012656000301746],[-94.58099800018303,39.01268499998559],[-94.58096399984782,39.01269200019635],[-94.58079599961835,39.01269699994757],[-94.58080099964121,39.012283000082554],[-94.57978399984009,39.01223699971528],[-94.57976999959637,39.012508999843945],[-94.57934799982198,39.01250299984724],[-94.57936100024077,39.012260000251686],[-94.57924200041509,39.012254000233874],[-94.57694900034672,39.012141000035996],[-94.57692699970708,39.012567000018336],[-94.5768849998743,39.013354999864745],[-94.57571999993516,39.013303000265964],[-94.57455400017109,39.01324999970933],[-94.57342600004188,39.01320399997103],[-94.57226799977542,39.01315899972771],[-94.57045400028115,39.01308900014537],[-94.56998599957768,39.013070000077256],[-94.5688580003468,39.013025999973465],[-94.56815600018992,39.012999000181715],[-94.56477500017529,39.012854000193265],[-94.56473300034249,39.013322999794035],[-94.56469300015952,39.01421700007369],[-94.56471800027388,39.01440099970164],[-94.56478400039613,39.01453799977756],[-94.56461600016664,39.014581000133866],[-94.56391300018485,39.01476299981035],[-94.56355599980947,39.01488400019888],[-94.56338199973219,39.01495699999287],[-94.56447499970132,39.016516999750216],[-94.56499299973518,39.01629299989306],[-94.56526800009479,39.01666499972769],[-94.56529200038425,39.01683099968281],[-94.56554400027932,39.0172460003086],[-94.56548599965467,39.01731300016951],[-94.56523600030773,39.017602999710434],[-94.56490599969655,39.017633000317076],[-94.56492800033617,39.01801400007423],[-94.5648809995822,39.01806599969869],[-94.56494199968155,39.01806800000563],[-94.56492599978803,39.01837699998304],[-94.56480299976438,39.01837300008456],[-94.56477799965003,39.018756000329496],[-94.56477699982511,39.018829999758594],[-94.56490099967367,39.018834999773865],[-94.56488399995524,39.01913899989569],[-94.56475199971075,39.01913299976357],[-94.56472499994658,39.01962200013554],[-94.56434300035515,39.01960899982116],[-94.56423600022504,39.02134800008726],[-94.56439500023369,39.0213540000314],[-94.56438799966269,39.02142800023106],[-94.56436500009647,39.021915999985325],[-94.56419799969188,39.021911000188],[-94.56413400011779,39.02314899965382],[-94.56412700044508,39.023220999907295],[-94.56401399956887,39.02495499968073],[-94.56401100009414,39.02502099985815],[-94.56400400042145,39.025119999659765],[-94.56390599961384,39.02677099993236],[-94.5638959995681,39.02683799983936],[-94.56388700024557,39.026938999943724],[-94.5638610003063,39.02735099979325],[-94.56382399959807,39.02734999977114],[-94.56379900038202,39.02776500006541],[-94.56385700010836,39.02776700009788],[-94.56379299963594,39.02864199982207],[-94.56378500013832,39.028746000147315],[-94.56368899987886,39.03042300031361],[-94.56369300007682,39.030478999794525],[-94.56364200002318,39.03146499971002],[-94.56382399959807,39.03181900000818],[-94.56420799973762,39.031830000253166],[-94.56418699982123,39.032372000244955],[-94.56386399978105,39.03230999976122],[-94.56358199974875,39.0322980003366],[-94.56348300001454,39.03404299994122],[-94.5638119999025,39.034061999955725],[-94.56381000025269,39.03412899992929],[-94.56380500022982,39.034221000060334],[-94.56346799994593,39.03420699971438],[-94.5633769997093,39.0359060000083],[-94.56326799992937,39.03770599999163],[-94.56386700015409,39.03773099966852],[-94.56382600014622,39.03855500022947],[-94.56378699978815,39.039347000098154],[-94.56374800032842,39.040144000063016],[-94.56369399990173,39.04103000025686],[-94.56367499963515,39.041197000037975],[-94.56176300023161,39.041092000067046],[-94.56124699984758,39.04106400000195],[-94.56028000027516,39.04103500009728],[-94.56040199957556,39.04134499997782],[-94.56051200007873,39.041630000209636],[-94.56054300004087,39.04175000014686],[-94.56061099981294,39.04201399984955],[-94.56107500031844,39.04330599973795],[-94.56145699990986,39.04342799990623],[-94.56164900042879,39.04348899991131],[-94.56173999976707,39.04350500009839],[-94.56187600020952,39.04352999981655],[-94.56213999980015,39.043579000131494],[-94.56215599969367,39.043579000131494],[-94.56217499996025,39.04358200020663],[-94.56235099968734,39.04359500029819],[-94.56253300016056,39.04360900017943],[-94.56292800017077,39.04358900014891],[-94.5631630003474,39.043543999710664],[-94.56345899972509,39.04344400010707],[-94.56355300033475,39.04340000006925],[-94.56346100027322,39.04495600029581],[-94.56229700015898,39.04491600029412],[-94.56218099980805,39.04491600029412],[-94.56202799964716,39.04491600029412],[-94.56168799988855,39.04489699970983],[-94.56190799999658,39.045548999948835],[-94.56200500008093,39.04583600018391],[-94.56216099971655,39.0463190000911],[-94.56218800037904,39.046435000032],[-94.56224600010538,39.04659700014786],[-94.56234999986245,39.0469919999755],[-94.56240900031199,39.047377000207575],[-94.56244399957377,39.047716000129626],[-94.56242000018266,39.04853299989516],[-94.56197800031676,39.048514000283774],[-94.56189600030099,39.04851099972044],[-94.56182299960776,39.04945700034809],[-94.56176300023161,39.05026000025115],[-94.56167899966772,39.05211799989652],[-94.56153800010071,39.0539219997888],[-94.56146100010781,39.05570199967126],[-94.56174300014011,39.055710999746736],[-94.5620510001117,39.05572100013929],[-94.56286500042158,39.05574899997523],[-94.56398900035283,39.05578700018326],[-94.56515000009401,39.05582999986167],[-94.5662460004362,39.055873999829934],[-94.5663450001704,39.05587700008044],[-94.5674859998201,39.0559150002196],[-94.56863700041386,39.055962999999046],[-94.56868199972138,39.05596499993099],[-94.56872399955418,39.05596699986292],[-94.56973600023076,39.056004999953636],[-94.57087000020776,39.05604100009418],[-94.57211999963741,39.05607999976068],[-94.57332499975952,39.05612499988565],[-94.57446899978228,39.05616699974394],[-94.5756389997443,39.05620999988848],[-94.5768000003838,39.05625300000688],[-94.57797299982056,39.05629099994369],[-94.579235999669,39.05632699993842],[-94.57999999975014,39.05634899977111],[-94.58145099991955,39.05640299971194],[-94.58106799960491,39.056010999745816],[-94.58037600039209,39.05536599998578],[-94.58035999960025,39.055349999695174],[-94.58034399970673,39.05528700021581],[-94.58038800008765,39.054594000141165],[-94.5804409997911,39.05377100004839],[-94.58099200033524,39.05378800034482],[-94.58107500017591,39.05311300032589],[-94.58146699981307,39.05312499970356],[-94.58164900028628,39.05313000008316],[-94.58165699978387,39.05299799984999],[-94.5816650001798,39.052868999748405],[-94.58106400030526,39.05284599986773],[-94.58117399991012,39.05099199998726],[-94.58126799962145,39.049515000207386],[-94.58185799962533,39.04965800023433],[-94.58186299964821,39.0495859997057],[-94.58188399956461,39.04924599997706],[-94.58188799976257,39.049161999677054],[-94.58180300027205,39.049139999698255],[-94.5813909996451,39.0490319998298],[-94.58132200004812,39.04900199999204],[-94.58133999959148,39.048668999681595],[-94.58124400023033,39.04866599982251],[-94.58127400036754,39.04802899988076],[-94.581250999903,39.04802800015121],[-94.58125400027606,39.04794399979797],[-94.58135300001027,39.04794699968773],[-94.58140999991168,39.046871000126984],[-94.58201199961111,39.04688899973702],[-94.58205400034223,39.04617900024558],[-94.57973500033458,39.046099999966096],[-94.57980499975646,39.04504099978816],[-94.57979499971071,39.04474000015718],[-94.5797579999008,39.04452700009072],[-94.57970699984718,39.04434099977274],[-94.57943800023365,39.04369799975819],[-94.57899499964456,39.042649000001944],[-94.57869500006892,39.04193600030967],[-94.57967400023523,39.04207600019171],[-94.57984699958926,39.04209100018751],[-94.57993799982586,39.04209500013933],[-94.57995100024465,39.0418779998088],[-94.57999300007744,39.04116299965916],[-94.58002400003957,39.04063899991876],[-94.57848699965645,39.040593999694636],[-94.57854799975583,39.04002900010046],[-94.57855899962645,39.03996299998285],[-94.57865400006104,39.03936699993413],[-94.57868099982521,39.038923999869475],[-94.57870000009179,39.03860700009496],[-94.57872400038123,39.038504000190066],[-94.57876000036624,39.038531999874245],[-94.57914600015562,39.0385729998652],[-94.5801439996902,39.03860499967144],[-94.58247699994153,39.03867899995285],[-94.58259900014026,39.03654199982614],[-94.58268899965364,39.034709000117935],[-94.58281000002745,39.03252199972719],[-94.5828130004005,39.03222399965295],[-94.58290399973878,39.030525000157354],[-94.58297800025694,39.02914199998509],[-94.58307100014336,39.02750800030153],[-94.58310600030346,39.026888999923905],[-94.58302099991467,39.02688199972292],[-94.58279099976089,39.026875000219086],[-94.58255599958423,39.02627900004478],[-94.58258499989655,39.02574499974668],[-94.58258099969859,39.025678000199456],[-94.58258900009453,39.0256030002143],[-94.58256099960711,39.02560200016745],[-94.58266199988945,39.02386700014136],[-94.5827639999967,39.022059000041736],[-94.58284799966228,39.02068000009885],[-94.58346299978052,39.02069800009978],[-94.58348700007,39.02026700033067],[-94.58349600029081,39.020004999896294],[-94.58287799979952,39.01998699971894],[-94.58294800011971,39.018611999728144],[-94.58295099959444,39.0185459998489],[-94.58302799958733,39.01696699976769],[-94.58303699980817,39.016893999954796],[-94.58333499973402,39.01690499973061],[-94.58337599974189,39.016150000040035],[-94.58307199996827,39.016139000146765],[-94.58307600016623,39.0160759999001],[-94.58314200028848,39.01456299997165],[-94.58318900014415,39.01379199977445],[-94.58320199966461,39.01363599973327],[-94.58379599986645,39.01366700014468],[-94.58384299972214,39.012827999865436]]]}},{"type":"Feature","id":"64111","properties":{"ZCTA5":"64111","GEOID":"64111","NAME":"ZCTA5 64111","AREALAND":7017106,"AREAWATER":0,"INTPTLAT":"+39.0570802","INTPTLON":"-094.5938991"},"geometry":{"type":"Polygon","coordinates":[[[-94.60735500001381,39.046445000342736],[-94.60737099990732,39.04464000015356],[-94.60661000019923,39.04461100032139],[-94.60588700012593,39.044584000033865],[-94.60515400000693,39.04456100024595],[-94.60431399975779,39.04453499971831],[-94.60335800005603,39.04450400028424],[-94.60279700036446,39.04447600017609],[-94.60268900040941,39.04443500012219],[-94.60245199968465,39.04429500003119],[-94.60217600039844,39.04412799989861],[-94.60202499988739,39.044059000067],[-94.60180599960427,39.0439970000698],[-94.60159200024233,39.04397300030387],[-94.60136100026367,39.043983000265456],[-94.6011539996761,39.044024999670164],[-94.60096100023058,39.04409800007113],[-94.6007379997495,39.0442180000024],[-94.60072699987884,39.04441799966746],[-94.59958200003119,39.04437199997604],[-94.59908400008882,39.044358000246014],[-94.59905399995158,39.044356999766855],[-94.59842700013779,39.04434099977274],[-94.59728499976485,39.04428999972378],[-94.5961049997571,39.04425000004267],[-94.59456599972414,39.04421599973776],[-94.59420400022421,39.044199999711765],[-94.59420599987403,39.0445520001449],[-94.5937530001375,39.04449999977113],[-94.59373100039618,39.044179999848566],[-94.59338400006654,39.04416500029625],[-94.59233200010532,39.044128999683366],[-94.59145500004625,39.04410100012423],[-94.59126500007545,39.04409400023268],[-94.59115700012043,39.04408999969635],[-94.59114500042486,39.04446300024665],[-94.59041200030585,39.044436999682944],[-94.59031600004639,39.04412600032911],[-94.59029400030506,39.044059000067],[-94.5899519999983,39.04404699984674],[-94.58973500026333,39.044039999949845],[-94.58949599988873,39.04321999975585],[-94.5882120001239,39.043187000148656],[-94.58814299962859,39.04295000017003],[-94.58807800022959,39.04266799979551],[-94.58802800000088,39.042340999881596],[-94.58803200019884,39.0422569997426],[-94.5880370002217,39.04214899981581],[-94.58692599981092,39.04210499966908],[-94.58673500001521,39.04210099971784],[-94.5867989995893,39.0422149999845],[-94.58683600029754,39.042295000233175],[-94.5868749997573,39.04242400011189],[-94.58689200037405,39.04252900019629],[-94.58689499984878,39.0426569998422],[-94.5868749997573,39.04300300009002],[-94.58684399979516,39.04355999988524],[-94.58641000032519,39.04352100028185],[-94.58602000033785,39.04344499990152],[-94.58564399969589,39.04333299981624],[-94.58526200010449,39.04317199968779],[-94.58505700006508,39.042989999889514],[-94.58483600013214,39.042872000268126],[-94.58458400023707,39.04280100030046],[-94.58429899983172,39.04278499995393],[-94.58402199982228,39.042824999766836],[-94.58375499985858,39.042915000135274],[-94.58352200023008,39.043048999975156],[-94.58332200021353,39.043232999913975],[-94.5831640000298,39.043293000290916],[-94.5830870000369,39.0430119996907],[-94.58294599957158,39.04270299995269],[-94.58280400017968,39.04248200016452],[-94.58249299983504,39.04214099991802],[-94.58229000034378,39.04215100013898],[-94.58230000038952,39.041964000029175],[-94.58239599975069,39.040157999930386],[-94.58245900039819,39.039003999658235],[-94.58247699994153,39.03867899995285],[-94.5801439996902,39.03860499967144],[-94.57914600015562,39.0385729998652],[-94.57876000036624,39.038531999874245],[-94.57872400038123,39.038504000190066],[-94.57870000009179,39.03860700009496],[-94.57868099982521,39.038923999869475],[-94.57865400006104,39.03936699993413],[-94.57855899962645,39.03996299998285],[-94.57854799975583,39.04002900010046],[-94.57848699965645,39.040593999694636],[-94.58002400003957,39.04063899991876],[-94.57999300007744,39.04116299965916],[-94.57995100024465,39.0418779998088],[-94.57993799982586,39.04209500013933],[-94.57984699958926,39.04209100018751],[-94.57967400023523,39.04207600019171],[-94.57869500006892,39.04193600030967],[-94.57899499964456,39.042649000001944],[-94.57943800023365,39.04369799975819],[-94.57970699984718,39.04434099977274],[-94.5797579999008,39.04452700009072],[-94.57979499971071,39.04474000015718],[-94.57980499975646,39.04504099978816],[-94.57973500033458,39.046099999966096],[-94.58205400034223,39.04617900024558],[-94.58201199961111,39.04688899973702],[-94.58140999991168,39.046871000126984],[-94.58135300001027,39.04794699968773],[-94.58125400027606,39.04794399979797],[-94.581250999903,39.04802800015121],[-94.58127400036754,39.04802899988076],[-94.58124400023033,39.04866599982251],[-94.58133999959148,39.048668999681595],[-94.58132200004812,39.04900199999204],[-94.5813909996451,39.0490319998298],[-94.58180300027205,39.049139999698255],[-94.58188799976257,39.049161999677054],[-94.58188399956461,39.04924599997706],[-94.58186299964821,39.0495859997057],[-94.58185799962533,39.04965800023433],[-94.58126799962145,39.049515000207386],[-94.58117399991012,39.05099199998726],[-94.58106400030526,39.05284599986773],[-94.5816650001798,39.052868999748405],[-94.58165699978387,39.05299799984999],[-94.58164900028628,39.05313000008316],[-94.58146699981307,39.05312499970356],[-94.58107500017591,39.05311300032589],[-94.58099200033524,39.05378800034482],[-94.5804409997911,39.05377100004839],[-94.58038800008765,39.054594000141165],[-94.58034399970673,39.05528700021581],[-94.58035999960025,39.055349999695174],[-94.58037600039209,39.05536599998578],[-94.58106799960491,39.056010999745816],[-94.58145099991955,39.05640299971194],[-94.57999999975014,39.05634899977111],[-94.580193000094,39.056529999720084],[-94.58034299988181,39.05667599971082],[-94.5807079997548,39.056751999806295],[-94.58083900017438,39.056804999833666],[-94.58082400010575,39.05715299973586],[-94.5807579999835,39.05819299987748],[-94.58075299996064,39.058285000062064],[-94.58083300032658,39.05828800021014],[-94.58081099968696,39.05859599985146],[-94.58074100026506,39.05859399999399],[-94.58071899962546,39.05888999990452],[-94.58070399955683,39.059159999942494],[-94.5806440001807,39.05999700012529],[-94.58127400036754,39.060024000101016],[-94.58126000012383,39.0602269997168],[-94.5806369996097,39.060226000159965],[-94.5805670001878,39.061414000117516],[-94.58104400021377,39.06143200020622],[-94.58100200038098,39.06181000031115],[-94.58076399983129,39.06180100031553],[-94.58054200007345,39.06179100008662],[-94.58050799973824,39.06239100015589],[-94.58047299957815,39.06238999993218],[-94.5804399999662,39.06293899995798],[-94.5804750001263,39.062940000173924],[-94.58043199957028,39.06359100034144],[-94.58099599963488,39.06361599992493],[-94.58097800009153,39.063887000226835],[-94.58093100023588,39.06464100033629],[-94.58139900004102,39.064651000161476],[-94.58327600018278,39.064720000102696],[-94.5833489999777,39.06484500011758],[-94.58347899967406,39.06489800034724],[-94.58376800027737,39.06494999965213],[-94.58400000008096,39.06496299999552],[-94.5843060004027,39.064945000109624],[-94.58430100037985,39.065621999670654],[-94.5844109999847,39.06572199995695],[-94.5855800001218,39.06575400001863],[-94.5855299998931,39.066686000333384],[-94.58549399990808,39.06737499968175],[-94.58546299994595,39.0679970001055],[-94.58544700005241,39.06832700021958],[-94.58504899966916,39.06841499989643],[-94.58480299962186,39.068438000285305],[-94.58291299995962,39.068366000074086],[-94.58135200018535,39.06830999993649],[-94.58049199984472,39.068278999778975],[-94.58020200031481,39.06829200020667],[-94.58004300030616,39.07083500032186],[-94.58092500038809,39.07086899966759],[-94.5812219995907,39.070880000108836],[-94.58179700042427,39.070902000288704],[-94.58237999985714,39.07092399976427],[-94.58302699976244,39.07094800013537],[-94.58412700030257,39.07098699993642],[-94.5853199998308,39.07103200032386],[-94.58658199985432,39.07107900018646],[-94.58768300021939,39.07112100021527],[-94.58856699995113,39.07115400002106],[-94.5885929998904,39.0711550001206],[-94.58992500023412,39.07120600029667],[-94.59115200009755,39.071253000043384],[-94.5921970003861,39.071293999871045],[-94.59224099986871,39.07129600006619],[-94.593809000214,39.07137199976664],[-94.59448200005853,39.0714050001525],[-94.59460799955693,39.071411000030835],[-94.59521699982739,39.07143400014075],[-94.59579199976267,39.07143400014075],[-94.59620100001658,39.07143400014075],[-94.59804399982313,39.0715010002363],[-94.59905899997446,39.07153700014687],[-94.59999299993491,39.071570999851836],[-94.60023399995936,39.07157999999663],[-94.6013009999892,39.071618000052865],[-94.60207599994101,39.07164599986102],[-94.60218300007114,39.07165000023123],[-94.603947000235,39.07171299975531],[-94.60570200017801,39.07177499982984],[-94.6064339995738,39.07180300027308],[-94.60662400044292,39.071845999960765],[-94.6067719996826,39.07191000009614],[-94.60697699972204,39.07205500027532],[-94.60727299999803,39.072308000158394],[-94.60733400009741,39.07243099982347],[-94.60723399963997,39.070703999817866],[-94.6073209996786,39.069809999884754],[-94.60733599974722,39.06970399978767],[-94.60733099972434,39.06890400030258],[-94.60730200031036,39.06751299975105],[-94.60729499973934,39.06720100002858],[-94.60725999957924,39.066330000043195],[-94.60723399963997,39.0657040002646],[-94.60732800024961,39.06476599979354],[-94.60733099972434,39.06470500003024],[-94.60716699969282,39.06460100032367],[-94.6072219999444,39.06396399973674],[-94.60726999962499,39.063925000240054],[-94.60725200008164,39.063699999772],[-94.60727899984582,39.06278600023125],[-94.60728899989155,39.06224099991913],[-94.60729399991443,39.06191099995039],[-94.60731499983083,39.06056499978884],[-94.60733200044758,39.05888699978204],[-94.60733300027249,39.058703000164286],[-94.60734300031822,39.05777399995462],[-94.60734699961787,39.057336999905054],[-94.60733999994518,39.055390000066154],[-94.60733699957214,39.0543649999774],[-94.60733300027249,39.0531799996737],[-94.60732999989943,39.05228200026895],[-94.60732599970147,39.05111699989095],[-94.60732300022676,39.05023599982255],[-94.6073270004247,39.04952200025933],[-94.60733400009741,39.04880100033184],[-94.60733800029536,39.04830400030949],[-94.60735500001381,39.046445000342736]]]}},{"type":"Feature","id":"64112","properties":{"ZCTA5":"64112","GEOID":"64112","NAME":"ZCTA5 64112","AREALAND":3799861,"AREAWATER":0,"INTPTLAT":"+39.0360036","INTPTLON":"-094.5952497"},"geometry":{"type":"Polygon","coordinates":[[[-94.6075380003119,39.03033300008299],[-94.60756500007608,39.02834400013618],[-94.60371999955595,39.02821999972347],[-94.60312799990226,39.028200000221794],[-94.60279900001427,39.02818900010969],[-94.59955799974175,39.02808200032527],[-94.5971690003122,39.027994999944205],[-94.59476200044104,39.02791600026742],[-94.59236700026541,39.0278329997434],[-94.5912059996259,39.027787999738045],[-94.5900440000598,39.027749999819726],[-94.58933000020737,39.02772600011793],[-94.58922499972708,39.02772300006741],[-94.58904899999999,39.027716999965946],[-94.58888699961828,39.027711999881014],[-94.58772300040235,39.02767199988674],[-94.5867760000231,39.027635999942284],[-94.58668899998445,39.02770999984694],[-94.58635500007362,39.02791200021076],[-94.5860370000563,39.02816999991198],[-94.58559000016754,39.028357000240035],[-94.58536800040969,39.0284809997146],[-94.58523299979217,39.02858900029527],[-94.58456300032067,39.02920299976292],[-94.58441299963451,39.029197999783115],[-94.58443000025127,39.02878500022981],[-94.58449100035064,39.028407999926465],[-94.58460500015346,39.027993999931205],[-94.58478000005563,39.027565000017546],[-94.58460900035142,39.02755999992187],[-94.58307100014336,39.02750800030153],[-94.58297800025694,39.02914199998509],[-94.58290399973878,39.030525000157354],[-94.5828130004005,39.03222399965295],[-94.58281000002745,39.03252199972719],[-94.58268899965364,39.034709000117935],[-94.58259900014026,39.03654199982614],[-94.58247699994153,39.03867899995285],[-94.58245900039819,39.039003999658235],[-94.58239599975069,39.040157999930386],[-94.58230000038952,39.041964000029175],[-94.58229000034378,39.04215100013898],[-94.58249299983504,39.04214099991802],[-94.58280400017968,39.04248200016452],[-94.58294599957158,39.04270299995269],[-94.5830870000369,39.0430119996907],[-94.5831640000298,39.043293000290916],[-94.58332200021353,39.043232999913975],[-94.58352200023008,39.043048999975156],[-94.58375499985858,39.042915000135274],[-94.58402199982228,39.042824999766836],[-94.58429899983172,39.04278499995393],[-94.58458400023707,39.04280100030046],[-94.58483600013214,39.042872000268126],[-94.58505700006508,39.042989999889514],[-94.58526200010449,39.04317199968779],[-94.58564399969589,39.04333299981624],[-94.58602000033785,39.04344499990152],[-94.58641000032519,39.04352100028185],[-94.58684399979516,39.04355999988524],[-94.5868749997573,39.04300300009002],[-94.58689499984878,39.0426569998422],[-94.58689200037405,39.04252900019629],[-94.5868749997573,39.04242400011189],[-94.58683600029754,39.042295000233175],[-94.5867989995893,39.0422149999845],[-94.58673500001521,39.04210099971784],[-94.58692599981092,39.04210499966908],[-94.5880370002217,39.04214899981581],[-94.58803200019884,39.0422569997426],[-94.58802800000088,39.042340999881596],[-94.58807800022959,39.04266799979551],[-94.58814299962859,39.04295000017003],[-94.5882120001239,39.043187000148656],[-94.58949599988873,39.04321999975585],[-94.58973500026333,39.044039999949845],[-94.5899519999983,39.04404699984674],[-94.59029400030506,39.044059000067],[-94.59031600004639,39.04412600032911],[-94.59041200030585,39.044436999682944],[-94.59114500042486,39.04446300024665],[-94.59115700012043,39.04408999969635],[-94.59126500007545,39.04409400023268],[-94.59145500004625,39.04410100012423],[-94.59233200010532,39.044128999683366],[-94.59338400006654,39.04416500029625],[-94.59373100039618,39.044179999848566],[-94.5937530001375,39.04449999977113],[-94.59420599987403,39.0445520001449],[-94.59420400022421,39.044199999711765],[-94.59456599972414,39.04421599973776],[-94.5961049997571,39.04425000004267],[-94.59728499976485,39.04428999972378],[-94.59842700013779,39.04434099977274],[-94.59905399995158,39.044356999766855],[-94.59908400008882,39.044358000246014],[-94.59958200003119,39.04437199997604],[-94.60072699987884,39.04441799966746],[-94.6007379997495,39.0442180000024],[-94.60096100023058,39.04409800007113],[-94.6011539996761,39.044024999670164],[-94.60136100026367,39.043983000265456],[-94.60159200024233,39.04397300030387],[-94.60180599960427,39.0439970000698],[-94.60202499988739,39.044059000067],[-94.60217600039844,39.04412799989861],[-94.60245199968465,39.04429500003119],[-94.60268900040941,39.04443500012219],[-94.60279700036446,39.04447600017609],[-94.60335800005603,39.04450400028424],[-94.60431399975779,39.04453499971831],[-94.60515400000693,39.04456100024595],[-94.60588700012593,39.044584000033865],[-94.60661000019923,39.04461100032139],[-94.60737099990732,39.04464000015356],[-94.60738199977799,39.044085999857494],[-94.60739600002168,39.04299299998966],[-94.60740299969437,39.0428179997489],[-94.60739600002168,39.042717999815366],[-94.60740199986945,39.04190700006515],[-94.60740500024251,39.04160499981913],[-94.60741000026538,39.04119300003527],[-94.60741199991519,39.04089299988682],[-94.60741199991519,39.04083199973331],[-94.60741500028826,39.04045500020117],[-94.60742000031112,39.0397649999577],[-94.60742600015892,39.03968799987563],[-94.60743700002955,39.038072000267654],[-94.60743899967937,39.03770599999163],[-94.6074400004026,39.03761000000571],[-94.607461000319,39.03747000034485],[-94.60748200023541,39.037309999994086],[-94.60748499971014,39.03708399996284],[-94.60747899986234,39.03698799982963],[-94.60747899986234,39.03696999979018],[-94.60747899986234,39.03692699979353],[-94.60747899986234,39.036869000064925],[-94.60747800003745,39.036643000018735],[-94.60747700021253,39.0363979998684],[-94.60747499966439,39.03587000007124],[-94.60747499966439,39.03558899995165],[-94.60747499966439,39.03543499967285],[-94.6074889999081,39.0344910002084],[-94.60749399993097,39.03439799980866],[-94.60750599962654,39.0342139998877],[-94.6075240000682,39.03386799986137],[-94.6075240000682,39.03335399982064],[-94.60751099964939,39.03207800005712],[-94.60752800026616,39.03097099975625],[-94.60753599976375,39.030864999968834],[-94.6075380003119,39.03033300008299]]]}},{"type":"Feature","id":"64113","properties":{"ZCTA5":"64113","GEOID":"64113","NAME":"ZCTA5 64113","AREALAND":6552447,"AREAWATER":0,"INTPTLAT":"+39.0141398","INTPTLON":"-094.5954934"},"geometry":{"type":"Polygon","coordinates":[[[-94.60786800002478,39.00108999978921],[-94.60786700019989,39.00069300020902],[-94.60335600040621,39.00049499978457],[-94.603390999668,39.000032999664505],[-94.60300200040388,39.00002299976755],[-94.600729000427,38.99993099981171],[-94.60041700025745,38.999916999656165],[-94.60038200009735,39.00036899998752],[-94.59716099991628,39.000204000196554],[-94.59720699994705,38.999986999708014],[-94.59722899968835,38.99977600032881],[-94.59686100034064,38.99975799988947],[-94.59683399967814,39.000209000132415],[-94.59603799980994,39.000190999803195],[-94.59445899959401,39.000063999754886],[-94.59448100023364,38.99976099973028],[-94.59449100027938,38.99964499997418],[-94.59381300041196,38.99961399970017],[-94.5935499997479,38.99960099989654],[-94.59327799976134,38.99958800009052],[-94.59323900030161,39.00034299995713],[-94.58913299966557,39.00015699994452],[-94.58913299966557,38.99965200007916],[-94.58914899955909,38.9994100000358],[-94.58797899959708,38.99936200023461],[-94.5867829996958,38.99931200026164],[-94.58673500001521,38.99975799988947],[-94.58666999971788,39.000065999872845],[-94.58529999973932,39.000019999937805],[-94.58485100020074,39.00004100013952],[-94.5844810003049,39.00008299982606],[-94.58445199999258,39.00076300019126],[-94.58444000029701,39.001034000067776],[-94.5838970001488,39.00100499979569],[-94.58383299967639,39.00189900009432],[-94.58210000037298,39.00183700011174],[-94.58204199974834,39.00273899984047],[-94.58225400035877,39.00274700000954],[-94.58274599955504,39.00276300034488],[-94.5827149995929,39.003636000243425],[-94.58291299995962,39.00419799999989],[-94.58340000003133,39.004055999777364],[-94.58349100026794,39.004240000011045],[-94.5836019996977,39.00418700034188],[-94.58430100037985,39.00401500000915],[-94.58426899969447,39.0046239996552],[-94.58414900004388,39.00462600034229],[-94.58375400003366,39.00463000032027],[-94.58361400029158,39.00479300027601],[-94.58368799991143,39.00538799973612],[-94.58368600026161,39.00543500000347],[-94.58368200006365,39.00551100007269],[-94.58358199960621,39.00762700014936],[-94.58411499970867,39.00764499998273],[-94.58407899972367,39.0083990001352],[-94.58403799971579,39.00925700030439],[-94.58399900025606,39.010083999963754],[-94.58394499982937,39.01101500030857],[-94.5838970001488,39.01187999974755],[-94.58386600018666,39.012418999840186],[-94.58384299972214,39.012827999865436],[-94.58379599986645,39.01366700014468],[-94.58320199966461,39.01363599973327],[-94.58318900014415,39.01379199977445],[-94.58314200028848,39.01456299997165],[-94.58307600016623,39.0160759999001],[-94.58307199996827,39.016139000146765],[-94.58337599974189,39.016150000040035],[-94.58333499973402,39.01690499973061],[-94.58303699980817,39.016893999954796],[-94.58302799958733,39.01696699976769],[-94.58295099959444,39.0185459998489],[-94.58294800011971,39.018611999728144],[-94.58287799979952,39.01998699971894],[-94.58349600029081,39.020004999896294],[-94.58348700007,39.02026700033067],[-94.58346299978052,39.02069800009978],[-94.58284799966228,39.02068000009885],[-94.5827639999967,39.022059000041736],[-94.58266199988945,39.02386700014136],[-94.58256099960711,39.02560200016745],[-94.58258900009453,39.0256030002143],[-94.58258099969859,39.025678000199456],[-94.58258499989655,39.02574499974668],[-94.58255599958423,39.02627900004478],[-94.58279099976089,39.026875000219086],[-94.58302099991467,39.02688199972292],[-94.58310600030346,39.026888999923905],[-94.58307100014336,39.02750800030153],[-94.58460900035142,39.02755999992187],[-94.58478000005563,39.027565000017546],[-94.58460500015346,39.027993999931205],[-94.58449100035064,39.028407999926465],[-94.58443000025127,39.02878500022981],[-94.58441299963451,39.029197999783115],[-94.58456300032067,39.02920299976292],[-94.58523299979217,39.02858900029527],[-94.58536800040969,39.0284809997146],[-94.58559000016754,39.028357000240035],[-94.5860370000563,39.02816999991198],[-94.58635500007362,39.02791200021076],[-94.58668899998445,39.02770999984694],[-94.5867760000231,39.027635999942284],[-94.58772300040235,39.02767199988674],[-94.58888699961828,39.027711999881014],[-94.58904899999999,39.027716999965946],[-94.58922499972708,39.02772300006741],[-94.58933000020737,39.02772600011793],[-94.5900440000598,39.027749999819726],[-94.5912059996259,39.027787999738045],[-94.59236700026541,39.0278329997434],[-94.59476200044104,39.02791600026742],[-94.5971690003122,39.027994999944205],[-94.59955799974175,39.02808200032527],[-94.60279900001427,39.02818900010969],[-94.60312799990226,39.028200000221794],[-94.60371999955595,39.02821999972347],[-94.60756500007608,39.02834400013618],[-94.6075940003884,39.02608600026012],[-94.60761399958156,39.02488000032422],[-94.60761699995462,39.024228999943176],[-94.60762100015258,39.02413900020026],[-94.60763299984815,39.02345600030176],[-94.60763799987103,39.02320800025467],[-94.60763899969592,39.02273500026303],[-94.60764000041915,39.02257299987181],[-94.6076579999625,39.021336000197486],[-94.60763899969592,39.02115199977119],[-94.60764000041915,39.021091000024846],[-94.60766200016046,39.02083900029754],[-94.60768499972667,39.01931099974379],[-94.60770999984103,39.01781700013004],[-94.60770999984103,39.017707000223545],[-94.60771099966595,39.01763399977868],[-94.60770999984103,39.01739599978412],[-94.60772400008474,39.016778999848086],[-94.60771900006186,39.01669299968855],[-94.60772300025982,39.016611000120776],[-94.60774500000113,39.015274999946826],[-94.60774300035132,39.015165999770296],[-94.60775500004688,39.014588999661605],[-94.60776099989467,39.01402599988895],[-94.60775800041992,39.01388300033756],[-94.60776400026772,39.0134599998643],[-94.60776599991753,39.012777000107434],[-94.60777400031346,39.012355999769426],[-94.60777500013835,39.01194999982851],[-94.60778299963596,39.01141499994382],[-94.6077779996131,39.01128600000145],[-94.60778500018411,39.010837999943355],[-94.60781000029847,39.00791200023099],[-94.60781199994828,39.00717399980941],[-94.60781799979608,39.00694799975398],[-94.60781799979608,39.00649699988819],[-94.60782600019199,39.00600699987823],[-94.60783600023773,39.005135000255805],[-94.60783700006264,39.0044399997222],[-94.6078420000855,39.004319000313544],[-94.60784499956026,39.003558999895525],[-94.60784499956026,39.003080999976795],[-94.60785100030634,39.00270499981008],[-94.60785299995617,39.00214399974159],[-94.60785899980395,39.00189600034411],[-94.60786800002478,39.00108999978921]]]}},{"type":"Feature","id":"64114","properties":{"ZCTA5":"64114","GEOID":"64114","NAME":"ZCTA5 64114","AREALAND":18326760,"AREAWATER":6621,"INTPTLAT":"+38.9578018","INTPTLON":"-094.5985986"},"geometry":{"type":"MultiPolygon","coordinates":[[[[-94.6084389997621,38.98002800015591],[-94.60845700020374,38.97929800012794],[-94.60843700011226,38.97872400010862],[-94.60841500037095,38.978131999971346],[-94.60839600010438,38.977772999653745],[-94.60838199986068,38.97743000008748],[-94.60835300044668,38.976703999972216],[-94.60834900024872,38.97652200015584],[-94.60828700032442,38.97514200001169],[-94.60826999970767,38.97469999987354],[-94.60824700014146,38.97407599995284],[-94.60825299998925,38.97397599986175],[-94.60824899979129,38.973911000320456],[-94.60823100024794,38.97374799976864],[-94.60820899960832,38.97310400012337],[-94.60820699995848,38.97292200013391],[-94.60820299976052,38.972001999791146],[-94.60820100011071,38.97099199975058],[-94.60819699991275,38.970624999945215],[-94.60818000019431,38.96909499983686],[-94.60816199975265,38.967499999668775],[-94.60814000001133,38.966424000077],[-94.60811999991986,38.96542599971906],[-94.60811800027004,38.964960999873725],[-94.60811700044512,38.96478899990119],[-94.60810200037652,38.96411200032618],[-94.6080949998055,38.963706000174724],[-94.60809700035364,38.96337200019136],[-94.60809900000346,38.96311299999444],[-94.60809999982837,38.963047000030194],[-94.60810099965329,38.96289500011155],[-94.60810200037652,38.96278399979493],[-94.60810999987413,38.9613639997265],[-94.60811300024716,38.96085000012704],[-94.60811700044512,38.95989599981814],[-94.60812499994275,38.95817600013757],[-94.60812800031579,38.95738799985276],[-94.60813099979052,38.95672200016191],[-94.60813800036152,38.95622600005737],[-94.60813900018643,38.95619200003859],[-94.60813900018643,38.9558240000649],[-94.60814000001133,38.9551829998622],[-94.60814599985912,38.953508999801016],[-94.60813400016356,38.95196199996491],[-94.60813400016356,38.951878999745425],[-94.60813599981337,38.951659000141056],[-94.60815500007996,38.94932500034211],[-94.60815900027792,38.9486019999154],[-94.60815799955469,38.94681600027266],[-94.60815300043014,38.94613399988585],[-94.60814900023217,38.94409599969157],[-94.60814699968404,38.943164000335145],[-94.60815400025506,38.94302599991831],[-94.60814599985912,38.94297200001625],[-94.60813300033865,38.942071000188314],[-94.60812800031579,38.94099100004754],[-94.60812800031579,38.940888999676964],[-94.60812599976764,38.940604000144944],[-94.6081230002929,38.94019599974778],[-94.60812400011783,38.940081999936424],[-94.60812800031579,38.940000000338806],[-94.6081230002929,38.939501000299934],[-94.60810400002634,38.938626000029565],[-94.6080949998055,38.93854099980724],[-94.60809099960754,38.93849299996549],[-94.60808499975977,38.93838899973106],[-94.60804200010206,38.93782899998544],[-94.60801399961464,38.93738699973613],[-94.608010000315,38.93726700021418],[-94.60799500024639,38.93708999990229],[-94.60798100000268,38.936846999938744],[-94.60797099995695,38.93636100030871],[-94.60796400028424,38.93611199975996],[-94.60796500010916,38.93597700003982],[-94.60797000013203,38.935406000249856],[-94.60797299960677,38.93513400010507],[-94.60804200010206,38.9338450002076],[-94.60803600025427,38.93285599977752],[-94.60803399970614,38.932456999913626],[-94.60803399970614,38.931182000050406],[-94.60803399970614,38.9308469998385],[-94.60803200005631,38.92951499999813],[-94.60803200005631,38.929259999807584],[-94.60802799985835,38.927732999776836],[-94.60802799985835,38.92752200033633],[-94.6080169999877,38.92707299985227],[-94.60801299978974,38.9270019996587],[-94.60801199996482,38.92685100005406],[-94.60800600011704,38.926149000124525],[-94.60800199991908,38.925657000196786],[-94.60799799972112,38.92517100006298],[-94.60799199987333,38.92438700010315],[-94.60800399956891,38.92417499971342],[-94.60800000026926,38.92372699979924],[-94.60799799972112,38.92344399997263],[-94.60799400042147,38.92334399971212],[-94.60799900044435,38.92296299985322],[-94.6079960000713,38.92247299970876],[-94.60799500024639,38.922375999800956],[-94.60799100004841,38.9214330001983],[-94.60799000022352,38.92116700033497],[-94.6079890003986,38.92080900016383],[-94.60798799967537,38.920440000195754],[-94.60799100004841,38.9202750000778],[-94.60800500029212,38.919923999897605],[-94.608010000315,38.9198169999593],[-94.60800500029212,38.91959800026186],[-94.60800100009418,38.91941199994013],[-94.6079960000713,38.91931200028707],[-94.60799199987333,38.91922400022424],[-94.60797299960677,38.91345899969226],[-94.60798400037574,38.91312300012778],[-94.60799500024639,38.91305099971463],[-94.60798600002556,38.91292399997271],[-94.60606299985304,38.91292500021374],[-94.60557199958336,38.91293600006816],[-94.6049260004013,38.91297299988354],[-94.60441800041318,38.91302100021988],[-94.60364099991325,38.91312300012778],[-94.60324599990304,38.91319100021796],[-94.60210799972806,38.91341900012704],[-94.60070500013754,38.91385500018231],[-94.60040399983866,38.913318000181036],[-94.60008599982135,38.912743000151494],[-94.59949300034273,38.91293600006816],[-94.59944800013689,38.91285500008372],[-94.59898199998156,38.913015000179605],[-94.59895100001941,38.91290200025852],[-94.59884800008727,38.91278999970147],[-94.59851400017641,38.91288299986443],[-94.59771400011026,38.91264999980509],[-94.59756099994938,38.912684999979845],[-94.59660900044557,38.91258900021822],[-94.59648899989666,38.912245000122695],[-94.59591999980917,38.912369000333015],[-94.59579599996061,38.91236800008415],[-94.59534099967594,38.91247000023155],[-94.59549800003478,38.91291199987529],[-94.59506000036687,38.91300100031669],[-94.59459199966342,38.91296900032004],[-94.59413899992688,38.912901000017165],[-94.59355099957281,38.91286799973366],[-94.59352200015883,38.9133129997025],[-94.5934579996864,38.914225999889986],[-94.59205900029383,38.91415399989682],[-94.59191899965344,38.914159999840756],[-94.5917470001243,38.914187999805606],[-94.59165900026075,38.914219999951584],[-94.59149400040431,38.91428000001167],[-94.59128299961881,38.91442300014844],[-94.59113000035624,38.91460699983205],[-94.59102700042408,38.914840999971425],[-94.59056799994146,38.914632999885654],[-94.59022300015995,38.914512000092955],[-94.58980899988316,38.91441499978667],[-94.58937700006304,38.914363000209235],[-94.58931299959062,38.915239000156795],[-94.58878000038646,38.91520699977132],[-94.58876899961749,38.91530900003235],[-94.5885789996467,38.9173349999218],[-94.58843100040701,38.917709000130486],[-94.58867699955599,38.91777499967492],[-94.5888310004401,38.917994000106155],[-94.58873799965535,38.91819400019037],[-94.5873180003464,38.9178390002123],[-94.58703899978883,38.9181930000236],[-94.58702399972022,38.918284999930286],[-94.58700600017686,38.918399999995344],[-94.58689200037405,38.91866599974777],[-94.58687300010747,38.91887100012212],[-94.58716099998755,38.91902000032594],[-94.58692599981092,38.91943899978035],[-94.58675099990874,38.919781999807306],[-94.58790499997723,38.92039699996475],[-94.58849199960807,38.92040699992326],[-94.58841899981313,38.921568999764126],[-94.58810400016885,38.921545999814754],[-94.58691699959009,38.921463999752234],[-94.58664899980147,38.92144599967472],[-94.58492700036872,38.92133699968999],[-94.58487600031512,38.921963000200506],[-94.58476499998702,38.92301600021657],[-94.58476599981194,38.923074000331496],[-94.58518299956346,38.92310299967232],[-94.5851780004389,38.92326700010737],[-94.58637000014221,38.92332800030036],[-94.58628300010359,38.92405300003265],[-94.58666700024314,38.92407300031548],[-94.58707499977383,38.92406799989589],[-94.58824999975872,38.92407499978435],[-94.58817500031397,38.924851999886585],[-94.58808900010024,38.926170999925134],[-94.58798199997011,38.927470999917034],[-94.58791300037313,38.92826899968657],[-94.58783899985498,38.92915700002159],[-94.58783399983211,38.92919199974177],[-94.58769599973985,38.93102500034417],[-94.58769300026512,38.93106299979752],[-94.5875929998077,38.93265399986955],[-94.58755000014997,38.93333200013608],[-94.58767399999854,38.93334999999298],[-94.58786399996933,38.933420000169576],[-94.58800600025957,38.93350099973862],[-94.58812799956,38.93359999970738],[-94.58823800006316,38.93377299985747],[-94.5883040001854,38.93396300004105],[-94.58832699975162,38.93411900028927],[-94.58833199977448,38.9344910001953],[-94.58711300030697,38.934461999919655],[-94.58702200007039,38.935652000021875],[-94.5869590003212,38.93640100021714],[-94.5868620002368,38.93661099989029],[-94.58669499983225,38.93679200031744],[-94.58658199985432,38.936803999870016],[-94.58644499958699,38.93688999998146],[-94.58636500011936,38.93693000029021],[-94.58633400015722,38.93694400032308],[-94.58630400001998,38.93692500007817],[-94.58628099955546,38.93691499965303],[-94.58623899972267,38.93690400002219],[-94.58619199986698,38.93690300011917],[-94.58614599983623,38.93691100004153],[-94.58610499982836,38.93692799978621],[-94.58608100043722,38.936942999721886],[-94.58606499964539,38.936957999654446],[-94.58602899966037,38.936932000095446],[-94.58562399960442,38.93690100031318],[-94.58559600001533,38.937506999753765],[-94.586712000449,38.93763400021507],[-94.58691599976517,38.93756499989913],[-94.58754000010424,38.9375919998181],[-94.58748499985266,38.93863700009199],[-94.58751699963972,38.9387369997555],[-94.5875280004087,38.938813000160096],[-94.5875280004087,38.93892299971878],[-94.58750099974617,38.93940800008931],[-94.58748999987553,38.93961100018878],[-94.5875159998148,38.93978000019999],[-94.58761999957188,38.93995399980726],[-94.5877190002044,38.9400439997257],[-94.58757100006638,38.94001399976558],[-94.58743700017207,38.93998700007008],[-94.58741200005772,38.94058699988414],[-94.587289999859,38.94058199992997],[-94.58303699980817,38.940402999800874],[-94.58281699970014,38.940392999866226],[-94.58280900020256,38.940609999948315],[-94.58277900006532,38.941373999875466],[-94.58275899997385,38.9418859999312],[-94.58292499965518,38.941874999674106],[-94.58308899968671,38.941806999825396],[-94.58317200042572,38.941734999873376],[-94.58337200044224,38.941447999871905],[-94.58346500032867,38.9413600000185],[-94.58362400033731,38.94126499976836],[-94.58384899956991,38.94119799987578],[-94.58469300001701,38.94112600000405],[-94.5849950001408,38.94111899970211],[-94.58550200030399,38.94112400031708],[-94.58672199959642,38.941179000072],[-94.58734400028567,38.941206999854586],[-94.58719899962239,38.94455199996858],[-94.58714900029199,38.94551299990228],[-94.58713199967524,38.94591999996917],[-94.58703799996391,38.946062000136166],[-94.58708499981958,38.94613600013011],[-94.58701000037482,38.94625200022957],[-94.58710699956089,38.94801499966042],[-94.58682700007672,38.94846299986462],[-94.5868339997494,38.948553000159855],[-94.58701200002464,38.94855999972775],[-94.5869590003212,38.94959699984399],[-94.58692400016109,38.95029500006691],[-94.5874949998984,38.95036199974579],[-94.58747999982978,38.95087199975075],[-94.58741399970755,38.95090800033571],[-94.58739500033928,38.95101700028762],[-94.58735400033142,38.95212399996185],[-94.58731199960029,38.952784000080726],[-94.58680299978727,38.95277599985359],[-94.58666899989296,38.95540099972191],[-94.58666300004519,38.95555700030575],[-94.58659799974787,38.95694200011651],[-94.58645100033308,38.95694900025308],[-94.58631700043878,38.956909000062076],[-94.5858260001691,38.956679000271954],[-94.58534499994516,38.95647600014682],[-94.58494599973699,38.956346999950966],[-94.58470499971256,38.95625000026629],[-94.5843769996495,38.95615800000344],[-94.58421299961799,38.95597599978452],[-94.58397699961643,38.95574999970655],[-94.58387200003443,38.95560699974852],[-94.58380599991222,38.9556029997944],[-94.5833620003965,38.95558300002042],[-94.58200300028861,38.95552299996594],[-94.58193799999127,38.95685099967513],[-94.58190899967896,38.95784399984478],[-94.58189299978542,38.958128000317664],[-94.58183699970893,38.95911700029973],[-94.58178400000548,38.96005799984026],[-94.58304000018123,38.96006900006979],[-94.58409600034042,38.960123000219305],[-94.58599900042147,38.960197999776575],[-94.58647200024949,38.960202999744254],[-94.58637699981492,38.961429000304484],[-94.58633199960909,38.962190000034454],[-94.58631499989065,38.96297999977081],[-94.58628499975342,38.96386099971574],[-94.58624499957044,38.964748999945165],[-94.58623000040014,38.96507200027188],[-94.58614199963827,38.966534000094626],[-94.58593699959886,38.96652700020653],[-94.58587300002475,38.967960000190644],[-94.58583600021484,38.96840299994517],[-94.58606200017064,38.968410999804924],[-94.58582199997115,38.97330999966219],[-94.58579600003186,38.97383000013168],[-94.58518299956346,38.97380199996733],[-94.58501400040737,38.97730000030229],[-94.58530999978507,38.977484000271936],[-94.5856229997795,38.97749799997677],[-94.58554099976375,38.97924399993023],[-94.58553999993883,38.979279000063094],[-94.58546499959576,38.98109000008862],[-94.58542600013601,38.98202000002948],[-94.5853690002346,38.98290399973726],[-94.58532700040182,38.983790000157825],[-94.58528399984579,38.98469599990452],[-94.58524000036319,38.98561799994959],[-94.58519699980717,38.986525999844964],[-94.5851780004389,38.98690200009822],[-94.58459799958246,38.98687600000756],[-94.58452899998547,38.988288000023445],[-94.58444000029701,38.99012899971902],[-94.58425199997605,38.99012200006839],[-94.58417599980805,38.99149300022381],[-94.58494800028512,38.99153000024601],[-94.58492800019364,38.991947000253134],[-94.58488100033797,38.99287699999841],[-94.58483600013214,38.9937589999792],[-94.58479000010138,38.99467400006901],[-94.58475099974332,38.99558499970816],[-94.58471200028357,38.99648599978972],[-94.5846729999255,38.99739199970462],[-94.58463500029067,38.99828600027566],[-94.5845940002828,38.999222000221216],[-94.58451800011481,38.99921899965942],[-94.58451300009196,38.99933099983661],[-94.5844810003049,39.00008299982606],[-94.58485100020074,39.00004100013952],[-94.58529999973932,39.000019999937805],[-94.58666999971788,39.000065999872845],[-94.58673500001521,38.99975799988947],[-94.5867829996958,38.99931200026164],[-94.58797899959708,38.99936200023461],[-94.58914899955909,38.9994100000358],[-94.58913299966557,38.99965200007916],[-94.58913299966557,39.00015699994452],[-94.59323900030161,39.00034299995713],[-94.59327799976134,38.99958800009052],[-94.5935499997479,38.99960099989654],[-94.59381300041196,38.99961399970017],[-94.59449100027938,38.99964499997418],[-94.59448100023364,38.99976099973028],[-94.59445899959401,39.000063999754886],[-94.59603799980994,39.000190999803195],[-94.59683399967814,39.000209000132415],[-94.59686100034064,38.99975799988947],[-94.59722899968835,38.99977600032881],[-94.59720699994705,38.999986999708014],[-94.59716099991628,39.000204000196554],[-94.60038200009735,39.00036899998752],[-94.60041700025745,38.999916999656165],[-94.600729000427,38.99993099981171],[-94.60300200040388,39.00002299976755],[-94.603390999668,39.000032999664505],[-94.60335600040621,39.00049499978457],[-94.60786700019989,39.00069300020902],[-94.60786700019989,39.00055500014094],[-94.60786700019989,39.0005229998641],[-94.60786399982682,39.000245000079],[-94.60787200022274,39.00017800010557],[-94.60787499969747,39.000063999754886],[-94.6078699996746,38.999915999944115],[-94.60787399987257,38.99965700005403],[-94.60788800011625,38.99927899970158],[-94.60788999976609,38.999230999811566],[-94.60788700029136,38.99897399965725],[-94.60789399996406,38.99855199981302],[-94.60790099963674,38.9984600000389],[-94.60788999976609,38.998218000107485],[-94.60790599965962,38.99751200004399],[-94.60790200035999,38.99717099996665],[-94.60791300023064,38.9966129999767],[-94.60790200035999,38.99638599993287],[-94.60791099968247,38.995772000339144],[-94.60791800025349,38.99496599984024],[-94.60792400010126,38.99479499991475],[-94.60792199955314,38.99442199976656],[-94.60793499997193,38.99372199972591],[-94.60795199969037,38.9935219997392],[-94.60795500006343,38.99326899971779],[-94.60795599988832,38.993167999696745],[-94.60796000008628,38.99294499971354],[-94.60795199969037,38.992814999790454],[-94.6079530004136,38.992719000284815],[-94.60796500010916,38.990897999814536],[-94.60797699980472,38.98910499968092],[-94.60800100009418,38.98777099994415],[-94.60799400042147,38.987619000016956],[-94.60800100009418,38.98754799971405],[-94.60810400002634,38.98563000031333],[-94.60811499989698,38.98550700032931],[-94.60812800031579,38.98519400022362],[-94.60815400025506,38.98487699973452],[-94.60818299966905,38.98434700006792],[-94.60820100011071,38.984011999720785],[-94.6083259997842,38.98194299990204],[-94.6084389997621,38.98002800015591]]],[[[-94.58948300036825,38.91240500019571],[-94.58947599979724,38.91233500025182],[-94.58942399991871,38.912145000155995],[-94.5893109999408,38.91193699985784],[-94.58914500025944,38.911751999984524],[-94.58903899995423,38.911666999711],[-94.58896100013644,38.911623000195554],[-94.58881899984621,38.91156600006781],[-94.5886349997232,38.911524000312255],[-94.58863999974608,38.911925000292555],[-94.58874500022637,38.91193199998099],[-94.5887190002871,38.912282000298305],[-94.58898700007569,38.91229699985397],[-94.58882499969398,38.91432399997692],[-94.58937700006304,38.914363000209235],[-94.58948300036825,38.91240500019571]]]]}},{"type":"Feature","id":"64116","properties":{"ZCTA5":"64116","GEOID":"64116","NAME":"ZCTA5 64116","AREALAND":28069313,"AREAWATER":1922100,"INTPTLAT":"+39.1488109","INTPTLON":"-094.5752418"},"geometry":{"type":"Polygon","coordinates":[[[-94.60851900012804,39.11624399980174],[-94.60833199963197,39.11584799983965],[-94.60807100041437,39.11520900019758],[-94.60801600016278,39.1150739998557],[-94.60741199991519,39.11359300001726],[-94.60735400018889,39.113444000095775],[-94.60721699992153,39.11334300033942],[-94.60477800026331,39.11155799990945],[-94.60390100020425,39.11091599969988],[-94.60274700013575,39.11067700009528],[-94.60263499998275,39.11065400023348],[-94.60255200014207,39.11063699969443],[-94.60105900013986,39.11032799971841],[-94.59962700023704,39.11003099993987],[-94.599483000297,39.11000100023767],[-94.59866300013933,39.109831000057426],[-94.59775599994306,39.109762999870455],[-94.59572499981552,39.110004000278174],[-94.59224800043972,39.11117400006356],[-94.59059499970564,39.11193199966118],[-94.58968500003459,39.11253000020947],[-94.58959700017105,39.112556000087885],[-94.5895150001553,39.112599000026584],[-94.58893199982411,39.11290300017413],[-94.58890099986198,39.11291700025019],[-94.58845599962305,39.113112000124694],[-94.58801200010735,39.113307000156624],[-94.58723700015554,39.11359000012955],[-94.58646200020374,39.11389800024929],[-94.58611200039937,39.114038000302244],[-94.58525000040892,39.11440900028232],[-94.5833899999856,39.11520999967252],[-94.58094499958126,39.11629699975277],[-94.57992199993234,39.116735000031234],[-94.57995399971938,39.11684800019591],[-94.57901899993401,39.11736700017891],[-94.57882499976526,39.11747600016495],[-94.56872899957706,39.121950999823305],[-94.56634599999529,39.123006999944074],[-94.56622600034471,39.12306199980702],[-94.5661069996207,39.12311700032394],[-94.56602899980288,39.12315100025459],[-94.56600399968853,39.12316200020813],[-94.56583600035736,39.123235999660885],[-94.56580299984708,39.12324999977464],[-94.56577899955765,39.123260999712734],[-94.5657119996105,39.12328999998471],[-94.56554299955609,39.12331900024482],[-94.56540000033927,39.12334400026716],[-94.56532699964602,39.12335600024688],[-94.56485700019105,39.123436999882244],[-94.56472400012167,39.12345999975314],[-94.56444600028732,39.123508000277575],[-94.56376500004686,39.12370200006036],[-94.55831699991965,39.12575699972358],[-94.55495199979855,39.1274280002947],[-94.54957300016666,39.13089500031289],[-94.54673600012516,39.13384200026746],[-94.54613199987757,39.13430299997644],[-94.53923199975608,39.14270299987511],[-94.5357200002202,39.14494699999572],[-94.53496199998683,39.14540399978077],[-94.53420399975344,39.14586100008215],[-94.53406099963831,39.14590800023298],[-94.53456000030391,39.14707000023809],[-94.53470599989379,39.14734400019372],[-94.53480200015325,39.14750399980164],[-94.53520300001124,39.14855399965436],[-94.53563800020443,39.1492820000076],[-94.53596399971936,39.149896000210425],[-94.53604800028326,39.150035000097056],[-94.53610400035976,39.15016000007138],[-94.53616200008608,39.15027500029751],[-94.53639800008762,39.150149000155025],[-94.5364740002556,39.15012300021915],[-94.53664999998269,39.15005299986184],[-94.53690799972556,39.149937999969595],[-94.53715899979572,39.14981300029761],[-94.53812700009138,39.14926899988073],[-94.53834200017654,39.149143000027074],[-94.5391630001591,39.1486630001435],[-94.540113999838,39.148200000307824],[-94.54050899984821,39.14803399986725],[-94.5408100001471,39.14791999986665],[-94.54126999955632,39.147763000333626],[-94.5417399999096,39.147626000259706],[-94.54205899975182,39.147546000291555],[-94.54238099996711,39.14747300031967],[-94.54270599965712,39.1474100002067],[-94.5431979997517,39.14733200012136],[-94.5435280003629,39.147290999916805],[-94.54521999965843,39.147132999958714],[-94.54837399989232,39.14684099999337],[-94.54867299964307,39.14681399980892],[-94.54863199963518,39.146958000208464],[-94.5486040000461,39.14725199981902],[-94.54853700009895,39.14797100025642],[-94.548464000304,39.14875500006709],[-94.54842099974799,39.14921000013216],[-94.54832799986157,39.150305000265035],[-94.54829000022674,39.15056499991218],[-94.54825800043969,39.15074900023952],[-94.54810500027881,39.15126500013594],[-94.54804099980639,39.1515429997998],[-94.54803199958556,39.15161300006833],[-94.54803199958556,39.15163599979305],[-94.5480269995627,39.151979999988306],[-94.54803499995862,39.15203799985553],[-94.54805500005008,39.15217699969118],[-94.54807400031667,39.15233500016826],[-94.54808699983714,39.152441000051375],[-94.54813500041604,39.15269900019056],[-94.54819899999015,39.15294900020613],[-94.54820800021096,39.15303700016745],[-94.54821400005876,39.15309400022613],[-94.54820999986079,39.153280999801225],[-94.54815799998225,39.153547999778574],[-94.54817300005087,39.153564999714106],[-94.5484340001668,39.15366499998948],[-94.54849799974089,39.15392200019845],[-94.5485479999696,39.15408099986043],[-94.54866299959733,39.15424500003797],[-94.5488860000784,39.15456000009676],[-94.54903400021641,39.154752000097716],[-94.54910000033864,39.15496700030051],[-94.54931000040094,39.155649999800595],[-94.54930799985279,39.15633700007827],[-94.54933600034019,39.156502000155825],[-94.54932999959411,39.156982999786564],[-94.54934100036306,39.157137999798294],[-94.54927799971556,39.158022999795755],[-94.54928699993638,39.15877500013818],[-94.54928299973842,39.159187999714405],[-94.54928299973842,39.15922799970982],[-94.54928299973842,39.15941299991543],[-94.54928199991353,39.159694000140455],[-94.54814399973856,39.159665999774234],[-94.54814999958633,39.15952299984469],[-94.54814700011161,39.159406999863684],[-94.54814200008875,39.15925800003979],[-94.54814100026381,39.159210000202265],[-94.54704099972369,39.15921500002728],[-94.54704999994452,39.15917199998844],[-94.54672000023164,39.15916799970811],[-94.54672400042959,39.15928799966041],[-94.54673100010228,39.159360999914306],[-94.54674799982072,39.15988600006273],[-94.54698299999737,39.15987200026747],[-94.54714500037907,39.160016999952035],[-94.54747000006908,39.16037900018025],[-94.54775600029936,39.16089499981012],[-94.54779200028437,39.16101500029929],[-94.54773799985769,39.16119800025071],[-94.54767400028359,39.161492999786724],[-94.54769299965186,39.16175299988695],[-94.54774799990344,39.16194799967969],[-94.54786699972912,39.1621329996978],[-94.54808199981427,39.16241000010677],[-94.54821499988367,39.16261399983618],[-94.54840300020464,39.16280600014733],[-94.54851399963442,39.16314000027424],[-94.54857300008395,39.16324999994807],[-94.54891700004053,39.163509000336916],[-94.54903699969114,39.16371399984488],[-94.5491310003008,39.16380600028942],[-94.54923900025582,39.16394899987095],[-94.5493239997463,39.164062999674876],[-94.54952999961063,39.16432199985627],[-94.5494280004017,39.16422700026619],[-94.54931600024871,39.1641759998175],[-94.54916200026294,39.16421100029332],[-94.54911299985912,39.16423299990685],[-94.54900800027713,39.16426499983905],[-94.54895399985047,39.16427600033471],[-94.54889899959888,39.16428199997119],[-94.5486259997874,39.16429500011049],[-94.54840999987734,39.16431799986879],[-94.54819700034032,39.164353000273955],[-94.5479350003995,39.16441300003248],[-94.54777700021575,39.16445900016091],[-94.54793399967627,39.16465299994775],[-94.54812299982216,39.164854999810565],[-94.54827599998303,39.16499900020681],[-94.54837399989232,39.16508399993962],[-94.5490190001478,39.16573400003102],[-94.5490690003765,39.1658169999692],[-94.54910399963828,39.16590399970695],[-94.54912200007996,39.16599399977871],[-94.54912399972979,39.16608600002709],[-94.5491189997069,39.16613100030916],[-94.54911299985912,39.16654000002074],[-94.54909899961542,39.167424000016],[-94.54906699982837,39.16948600014364],[-94.54906400035362,39.16973300012219],[-94.54926199982204,39.16986700005779],[-94.54912799992773,39.17017000015568],[-94.54908199989698,39.17034499998297],[-94.54905099993485,39.17064200032083],[-94.5490409998891,39.1715099998917],[-94.54903400021641,39.171921999850674],[-94.54900099970612,39.172461999704986],[-94.54900200042935,39.17253999978998],[-94.54900999992697,39.17284699971275],[-94.54901300030001,39.17300100023991],[-94.5490199999727,39.17330600015284],[-94.54901499994983,39.17364400001803],[-94.54901300030001,39.173816000145735],[-94.54900499990408,39.17465200016725],[-94.54898999983548,39.176117999974984],[-94.54897700031499,39.17736399990998],[-94.54896700026926,39.17839700032096],[-94.54895200020064,39.17938999983271],[-94.54895800004843,39.17977400025497],[-94.55128200007893,39.17981500033209],[-94.55127600023116,39.180427000186256],[-94.55121299958364,39.18089200019667],[-94.55198900025867,39.180910999661485],[-94.55242199990373,39.18092099970758],[-94.55375300042255,39.1809580000747],[-94.55439500030496,39.1809760002839],[-94.55660499963433,39.18100599969387],[-94.55832000029271,39.1810579997085],[-94.55849000017201,39.181063000069464],[-94.55866800044726,39.18104699974878],[-94.55901900007653,39.18102699969102],[-94.55902499992432,39.18094199973017],[-94.55904199964276,39.18083900012317],[-94.55908400037387,39.18068599998902],[-94.55941099971369,39.179844000287275],[-94.55952600023974,39.17940000009521],[-94.55957200027048,39.17901900030145],[-94.5595870003391,39.17882199985969],[-94.55959200036199,39.178525999918385],[-94.55957700029336,39.17823000012355],[-94.55954399978307,39.1779500001117],[-94.55948699988168,39.17764100022187],[-94.55941300026184,39.17735100009729],[-94.55936700023108,39.17720999988546],[-94.55931899965219,39.17706300014886],[-94.55920300019955,39.17677699970482],[-94.55879300012072,39.17576800006613],[-94.55878200025006,39.17562700016166],[-94.55879099957258,39.17548099991322],[-94.55881300021221,39.17535500034229],[-94.55922499994085,39.17469599981975],[-94.55930000028394,39.17463499975604],[-94.55952899971447,39.1744709997561],[-94.55981300029491,39.17427099971411],[-94.56077599966937,39.175321999870214],[-94.56193099956279,39.17639700031974],[-94.56219400022682,39.17656499999327],[-94.56247200006118,39.176757999819166],[-94.56282699988843,39.176988000179016],[-94.5631919997614,39.17720799991009],[-94.56337800043255,39.17731499990713],[-94.56375800037415,39.177520000260074],[-94.56390399996401,39.1775939996802],[-94.56434300035515,39.17780699975006],[-94.56474400021315,39.17798599997676],[-94.56515299956875,39.17815300005738],[-94.56557799971618,39.17831299993768],[-94.56611800038966,39.17847999993794],[-94.56666499983753,39.17863200003117],[-94.5671770000236,39.17875899996246],[-94.56743599959138,39.178818000000526],[-94.56743200029173,39.17902500007298],[-94.56741800004802,39.17983200018719],[-94.56741800004802,39.17991500019907],[-94.56863999988859,39.1794770001883],[-94.5688109995928,39.17942199983198],[-94.5691830000368,39.17937099995687],[-94.56969100002492,39.17941800000697],[-94.56968600000204,39.18112899978691],[-94.57096100044437,39.18114099966559],[-94.57175899996238,39.18114899981564],[-94.57202199972811,39.1811460000206],[-94.5725709997241,39.18114999974731],[-94.57306100016889,39.18115400017013],[-94.57655199978836,39.18118300026931],[-94.57672300039091,39.18118400020044],[-94.57672800041377,39.18058100012752],[-94.57673400026155,39.17978199986428],[-94.57673599991138,39.17959800026376],[-94.57676000020082,39.17959800026376],[-94.57836500035602,39.17960399998587],[-94.57928199969975,39.179604999939464],[-94.58153299993532,39.17960799980031],[-94.58188500028781,39.17962299979878],[-94.58219999993209,39.17964600011515],[-94.58266899956215,39.179696999790764],[-94.58313399989255,39.179765999948394],[-94.58344199986414,39.17982299993674],[-94.58374599963774,39.17988800017242],[-94.58408600029469,39.17997200006654],[-94.58559199981737,39.18047600010923],[-94.58591999988043,39.18043099995387],[-94.58610900002633,39.18040500006762],[-94.58662600023526,39.180333000011075],[-94.58945200040613,39.181648000153395],[-94.58962200028542,39.18172800033996],[-94.59164300036723,39.18267999968064],[-94.59233499958005,39.18300899990085],[-94.5925639999089,39.18311899983205],[-94.59294899987337,39.183302000064174],[-94.59301099979764,39.18333199987412],[-94.59305000015571,39.18339700034685],[-94.59306699987415,39.18335899997066],[-94.59347000028026,39.18246699975186],[-94.59363699978654,39.18204399980399],[-94.59379199959724,39.18156500009862],[-94.59408600022343,39.18176700012809],[-94.59421400026994,39.181840000030476],[-94.59447000036299,39.182006000088975],[-94.59527000042915,39.18256400028982],[-94.59548600033922,39.182666000244545],[-94.59565399967038,39.18273500027334],[-94.5959430002737,39.182834000256875],[-94.59625700009306,39.18290599984088],[-94.59657199973732,39.18294499967173],[-94.59692699956457,39.182950999804525],[-94.59711499988555,39.182954000218864],[-94.5970980001671,39.18282199997092],[-94.59709599961897,39.182739999818686],[-94.59710099964185,39.18265800026709],[-94.59711300023572,39.18257699983493],[-94.59713199960399,39.182496999918214],[-94.59715800044157,39.18241799982405],[-94.59719100005353,39.18234000025221],[-94.59723000041159,39.1822650003412],[-94.59726499967337,39.182209000160505],[-94.59731300025227,39.18219200018387],[-94.59769400001876,39.182027999706584],[-94.59788800018754,39.18192399968122],[-94.59828999987043,39.1816969999216],[-94.59836199984045,39.18166500026159],[-94.59853599991773,39.18160000027629],[-94.59868800025369,39.18153899993543],[-94.59893599995081,39.18141499993554],[-94.59917799980015,39.181295000131726],[-94.59937100014399,39.181204000213576],[-94.59962200021415,39.181074000026626],[-94.59967400009268,39.1810579997085],[-94.5997739996518,39.18104200008302],[-94.5999279996376,39.18103100012079],[-94.60002399989708,39.181018000289846],[-94.60030500010447,39.18096099987777],[-94.60042999977792,39.18092300027374],[-94.60068599987096,39.180825000320446],[-94.60125300030863,39.18060899982741],[-94.60132000025577,39.18058599982606],[-94.60140200027155,39.18059300009975],[-94.60139600042376,39.1804160001278],[-94.60139600042376,39.180387999654734],[-94.60141099959407,39.180251999685254],[-94.6014199998149,39.18021099986299],[-94.60143999990638,39.18016900007126],[-94.60145999999786,39.180141000196166],[-94.60146599984564,39.179732000202115],[-94.60148900031017,39.177211999860845],[-94.60150299965558,39.17446100018533],[-94.60150600002862,39.17379300001127],[-94.60150900040168,39.17323799996719],[-94.60153100014296,39.16901600008935],[-94.6015400003638,39.16744499989099],[-94.60048099983156,39.16705599972911],[-94.60022800011157,39.16695799994882],[-94.5997300001692,39.16675099987167],[-94.59905099957854,39.16644799966965],[-94.59886999982858,39.16636700006342],[-94.59866899998711,39.16625899997903],[-94.5987800003152,39.166153000018724],[-94.59877699994216,39.16605099978782],[-94.59876699989641,39.16590300025495],[-94.59877600011724,39.16571300034166],[-94.598858000133,39.1654999998543],[-94.59896100006517,39.16532700012498],[-94.60006400008004,39.16571300034166],[-94.60036600020383,39.16581099976716],[-94.60067300035048,39.16589999980938],[-94.6011389996075,39.16601799982484],[-94.60155799990714,39.16611000004183],[-94.60155899973206,39.16601500008067],[-94.6015820001966,39.16473599976852],[-94.60158300002152,39.16466600001844],[-94.60158300002152,39.164647999812765],[-94.60160300011299,39.163609999893964],[-94.60164699959562,39.16127200013014],[-94.60164900014375,39.161150000343774],[-94.60165300034171,39.16074500012973],[-94.60173299980933,39.15960300012846],[-94.60171100006804,39.159594000074975],[-94.6016879996035,39.159583999782],[-94.60093199991826,39.15927300019995],[-94.60003899996566,39.15892100024179],[-94.59953699982536,39.158784999849644],[-94.5981669998468,39.15841400027017],[-94.59795400030977,39.15835600008585],[-94.59794199971589,39.158353000015],[-94.59759699993438,39.15822400032882],[-94.5961199998257,39.15767399995258],[-94.59582199989987,39.15756300034815],[-94.59384600002392,39.156828000129956],[-94.59288399957605,39.15623599983142],[-94.59066099982786,39.154766999825355],[-94.58891500010566,39.15162599976221],[-94.58865800018772,39.151162999913744],[-94.58841299996534,39.14986899980469],[-94.58838700002607,39.14886799971779],[-94.588720000112,39.14502100024611],[-94.58883499973973,39.14404100007611],[-94.58896399961117,39.14300699970405],[-94.58939999962925,39.14054199977911],[-94.58989799957163,39.13897899993998],[-94.59028799955897,39.13812100017396],[-94.59108099995244,39.13683899975399],[-94.5936279995657,39.13438899976046],[-94.60021499969278,39.12805300006141],[-94.60060600040333,39.127676000180145],[-94.60330399962935,39.125080000247955],[-94.60338300017038,39.12500299984608],[-94.60346799966088,39.12489399965817],[-94.60353799998109,39.12480399998329],[-94.60398900006778,39.124337999904974],[-94.60450299990369,39.12388099997157],[-94.6051160003721,39.12325900029426],[-94.6054750003973,39.12276600010153],[-94.60577099977498,39.12239999987142],[-94.60591899991299,39.12223800021357],[-94.60644299979464,39.12158699970323],[-94.60693499988923,39.12097400009636],[-94.60742799980873,39.120256000034054],[-94.6077009996202,39.11969600017888],[-94.60797400033,39.119062999896606],[-94.60823999957046,39.11834700012811],[-94.60825499963909,39.11830599977122],[-94.60826499968482,39.11820700027298],[-94.60827800010361,39.11806899970542],[-94.60828999979918,39.11794399990243],[-94.60851900012804,39.11624399980174]]]}},{"type":"Feature","id":"64124","properties":{"ZCTA5":"64124","GEOID":"64124","NAME":"ZCTA5 64124","AREALAND":4363560,"AREAWATER":0,"INTPTLAT":"+39.1071434","INTPTLON":"-094.5390622"},"geometry":{"type":"Polygon","coordinates":[[[-94.56067299973722,39.1130719997119],[-94.56067799976009,39.11297500023707],[-94.56062800042969,39.112818999659176],[-94.56054700023883,39.11267199991112],[-94.56045099997938,39.11255000022399],[-94.55948600005676,39.111701999922126],[-94.5589479999314,39.111157000346935],[-94.55877899987702,39.11073199982529],[-94.55873200002134,39.11061200004221],[-94.55861300019566,39.11014600019039],[-94.55856700016491,39.109670999882184],[-94.558594999754,39.10919599985782],[-94.55844099976821,39.109189999707866],[-94.55847000008053,39.108774999716424],[-94.55850600006555,39.10824599996386],[-94.55996300008275,39.10830999983805],[-94.56007600006065,39.10664300007182],[-94.56024400029014,39.10665000003496],[-94.56034600039737,39.10519500002742],[-94.56036099956768,39.1048139999316],[-94.55813199997172,39.10475200031213],[-94.55820300011685,39.10376800026555],[-94.5582499999725,39.10270199970254],[-94.55787500005378,39.10269199969291],[-94.55734600014927,39.10267700002427],[-94.55701300006335,39.10265600034343],[-94.5558489999491,39.10261099991088],[-94.55469599970552,39.10258400019524],[-94.55358699984288,39.10255000009967],[-94.55352800029165,39.10254800009355],[-94.5524760003304,39.102511999973466],[-94.55121299958364,39.10247100016285],[-94.54906000015566,39.102420000280176],[-94.54908500027003,39.10197299981155],[-94.54767299956036,39.10193300004788],[-94.54767699975831,39.101877999725744],[-94.5469289995707,39.101850999729365],[-94.54687800041539,39.101846999677406],[-94.54687699969216,39.10186699993501],[-94.54588599983029,39.101827999775935],[-94.54579200011895,39.1018270001112],[-94.54462600035491,39.10178300020904],[-94.54462399980676,39.10181099989647],[-94.5444930002855,39.10180600017716],[-94.54427200035256,39.10179499967807],[-94.54424100039043,39.102255000324924],[-94.54366800010497,39.10222999979102],[-94.54368700037156,39.101773000069],[-94.5428449995743,39.10174400000349],[-94.54280199991659,39.102192999849],[-94.54232700043873,39.10217099966701],[-94.54235500002783,39.10161899982483],[-94.54217900030073,39.10161400009189],[-94.54218000012565,39.10158200025926],[-94.54101099998854,39.10154299994246],[-94.54100199976772,39.10171699995575],[-94.54064899959029,39.10170499977631],[-94.54064500029065,39.10179699970556],[-94.5405430001834,39.10179499967807],[-94.54012899990661,39.1017839998744],[-94.54013999977727,39.10151399978234],[-94.53980900023949,39.101502999934816],[-94.53981000006438,39.10144799997434],[-94.5389589999446,39.101420000142724],[-94.53895700029479,39.101473999758184],[-94.53807699986267,39.1014450002668],[-94.53806900036506,39.10161699979229],[-94.53744199965294,39.10159700016084],[-94.53734399974365,39.10158799966255],[-94.53734200009382,39.101622999889734],[-94.53678700025006,39.10160399992794],[-94.53673500037151,39.101586999994424],[-94.53529300042294,39.10154000023897],[-94.5352919996997,39.101570999725226],[-94.53459100026606,39.101546000342964],[-94.5344459996028,39.101536999838224],[-94.53443399990721,39.101997999739524],[-94.53306200027883,39.10195500030415],[-94.53167499968353,39.10189700031086],[-94.53168899992724,39.10161600012457],[-94.53170999984363,39.101477000161616],[-94.53127899984841,39.101706999806396],[-94.53125100025932,39.101660999798064],[-94.53132999990204,39.10162999965425],[-94.53119199980978,39.10144199986195],[-94.53081600006614,39.10142899996533],[-94.53081600006614,39.10139400033896],[-94.53037500002517,39.101378000025974],[-94.5302779999408,39.101373999947114],[-94.53019900029807,39.101371999907634],[-94.53011100043453,39.10136900019687],[-94.53011100043453,39.10140399983563],[-94.52861599988417,39.101352000206674],[-94.52860599983843,39.101526999663285],[-94.52834399989761,39.10151799985319],[-94.52821000000331,39.1015159998178],[-94.52813399983533,39.10151799985319],[-94.52814999972887,39.10119799973998],[-94.52655399979449,39.10114399991312],[-94.52654299992383,39.10133799992465],[-94.52636700019673,39.10133199980296],[-94.52636299999878,39.10140100012622],[-94.5259770002094,39.101382999775595],[-94.52599599957766,39.10055300022779],[-94.5260190000422,39.0995189999357],[-94.52603099973776,39.09901700013055],[-94.52603400011081,39.09893099968868],[-94.52194000006865,39.09997600032621],[-94.52108800012395,39.100212999893095],[-94.52050999981564,39.100408000060014],[-94.5196820001604,39.1007680000237],[-94.51904699995066,39.10108599994975],[-94.51900299956974,39.10110399967909],[-94.51899599989704,39.101235000204206],[-94.51898300037656,39.10145800016048],[-94.51869499959815,39.10144900034158],[-94.51863799969675,39.10143599974911],[-94.5184379996802,39.10143799978678],[-94.51842199978668,39.10145600012337],[-94.51754700027575,39.102063000068306],[-94.51712700015119,39.10235500028051],[-94.51470199983834,39.10399000024329],[-94.5140299998187,39.10441200001293],[-94.51307699959168,39.10495900009917],[-94.51302100041347,39.104986000299355],[-94.51314299971389,39.10499000017322],[-94.51433000029269,39.105030000293596],[-94.51449099995115,39.1050360001006],[-94.51558499974519,39.10507699981354],[-94.51677499979868,39.105120999750966],[-94.51698700040912,39.10512900018023],[-94.51793899991291,39.10516499966095],[-94.518739999804,39.10519399971333],[-94.51910700022512,39.10520799992667],[-94.5190639996691,39.10599100016127],[-94.51851899987106,39.10597199998252],[-94.51846899964235,39.10680899980645],[-94.51901799963835,39.10683000034128],[-94.51900599994279,39.107066000278884],[-94.51899199969907,39.10724699980782],[-94.51898099982843,39.10738600024352],[-94.5184369998553,39.10737199976571],[-94.51837999995388,39.10833299976772],[-94.51891300005636,39.10833700014871],[-94.5189089998584,39.108543999863514],[-94.51890499966045,39.108846000249365],[-94.51882099999486,39.10884399972481],[-94.51834800016682,39.10883300032402],[-94.51826500032617,39.110299999928856],[-94.51842900035768,39.110304999742716],[-94.5184090002662,39.11062100008534],[-94.51871499968964,39.110627999653346],[-94.51880500010134,39.11063000012726],[-94.5187330001313,39.111622000261214],[-94.51870800001694,39.11235999985652],[-94.51868600027564,39.11247000013173],[-94.52101600015395,39.11254399966261],[-94.52212900021453,39.11257700030434],[-94.5233579997278,39.112613000163094],[-94.52346499985792,39.11088699991065],[-94.52346999988079,39.110716999776436],[-94.52463800019298,39.11076199991337],[-94.52576700014711,39.11080599978713],[-94.52576299994917,39.11089199968286],[-94.52693899975897,39.11093000017073],[-94.52810200004828,39.11097399993961],[-94.52923600002529,39.11101299991769],[-94.529286000254,39.11101499968363],[-94.53039500011667,39.11105199987423],[-94.53159100001793,39.11109600026397],[-94.53277500022367,39.111135000174535],[-94.53385999979687,39.11116500009111],[-94.5349250001769,39.11119399976594],[-94.5362130001397,39.111248000258335],[-94.53735200013958,39.111279999885234],[-94.53737399988087,39.1108550001053],[-94.53840099972777,39.11089100014668],[-94.53837999981137,39.11131899969398],[-94.53880199958577,39.111334999841645],[-94.53883699974587,39.110432000333056],[-94.54025399958007,39.110481999756274],[-94.540225999991,39.11112499996719],[-94.54046700001541,39.11113099995236],[-94.54047399968812,39.110922999935624],[-94.5416190004341,39.11096199994197],[-94.54159900034259,39.111414000299575],[-94.54200100002551,39.11142699974884],[-94.54239799968555,39.111439999892696],[-94.54240500025655,39.11131599970946],[-94.54256500009012,39.11132199967837],[-94.54257900033382,39.111029999669064],[-94.54372800037945,39.11107200030826],[-94.54375000012075,39.11066500004713],[-94.54375000012075,39.11059200017467],[-94.54438799980521,39.11061200004221],[-94.5443519998202,39.111503999654595],[-94.54572199979874,39.111560999883665],[-94.54662999981996,39.11157599975289],[-94.54668300042171,39.11091899970141],[-94.54763499992553,39.11091899970141],[-94.5481739998758,39.11090900016047],[-94.54816800002799,39.11161200012293],[-94.54815799998225,39.11257600009503],[-94.54815200013448,39.113574999992004],[-94.54940900013513,39.11357600018714],[-94.54940099973922,39.1136209998925],[-94.54934700021086,39.113800000325526],[-94.54923800043092,39.114028999998546],[-94.54891799986545,39.11459099995292],[-94.54883300037496,39.11470699991128],[-94.54879599966671,39.11479800011752],[-94.54877899994827,39.11489200003861],[-94.54878399997115,39.114988000184496],[-94.5488099999104,39.11508099967842],[-94.5489069999948,39.11523499978456],[-94.54922699966194,39.115484999719854],[-94.54959499990797,39.11577199996554],[-94.54963699974076,39.115863999656],[-94.54962900024314,39.115933999855166],[-94.54959200043324,39.11599700025374],[-94.54907699987412,39.11645899982933],[-94.54899700040647,39.11655600008412],[-94.54894100032998,39.11666200017391],[-94.54890500034497,39.11679799971363],[-94.54888400042857,39.11705399985707],[-94.54891700004053,39.11711499966146],[-94.54897399994195,39.117163000327366],[-94.54902900019353,39.117187999746434],[-94.5491110002093,39.11720299981185],[-94.54917700033155,39.117197000343616],[-94.54981900021397,39.11702200006428],[-94.55012100033775,39.116987999963534],[-94.55060300038659,39.11691400022058],[-94.55126899966014,39.116802000311104],[-94.55201400037303,39.116606000041145],[-94.55265100023259,39.11644999983485],[-94.55329599958974,39.11630999969525],[-94.55394599986808,39.11614500019411],[-94.55450900010777,39.11599700025374],[-94.55503499963923,39.115829000227315],[-94.5555319997567,39.115664999765315],[-94.5563479997164,39.115464999841336],[-94.55646999991514,39.11539600004251],[-94.55660999965721,39.115282000166296],[-94.55673400040409,39.11515700029782],[-94.55685499987959,39.11500300002127],[-94.55705700044427,39.11482200019825],[-94.55727300035434,39.11466600022422],[-94.55750900035588,39.11452799969119],[-94.55771900041816,39.11442800027759],[-94.55793899962788,39.11434300000222],[-94.5585880000813,39.11415399977699],[-94.55909900044249,39.11400400015564],[-94.55936100038329,39.11389299999333],[-94.55954999963087,39.113799000133575],[-94.55969699994395,39.11372700021552],[-94.56001699961111,39.11354499970737],[-94.56032100028303,39.11334500003924],[-94.56037300016156,39.113304999758704],[-94.56067299973722,39.1130719997119]]]}},{"type":"Feature","id":"64127","properties":{"ZCTA5":"64127","GEOID":"64127","NAME":"ZCTA5 64127","AREALAND":10822830,"AREAWATER":0,"INTPTLAT":"+39.0890686","INTPTLON":"-094.5383885"},"geometry":{"type":"Polygon","coordinates":[[[-94.56160699969769,39.07921199969702],[-94.56170799998002,39.07740100018987],[-94.56153499972766,39.07739600013459],[-94.56093100037839,39.077377999932665],[-94.55941099971369,39.07733200009302],[-94.55823999992677,39.077294000324216],[-94.55710099992689,39.077255999837526],[-94.55594600003349,39.07721700001417],[-94.55478899959195,39.07717700015499],[-94.55363000039888,39.07713500024365],[-94.55247999963004,39.077094000322674],[-94.55127299985811,39.07705000032995],[-94.55015899997258,39.07700800034301],[-94.54898999983548,39.076964000296634],[-94.5483589998237,39.07694099989693],[-94.5483789999152,39.07668499982372],[-94.54823599980006,39.0766799997177],[-94.54825000004377,39.076418999967764],[-94.54597299986892,39.076325999679284],[-94.54394799958915,39.07625499987144],[-94.54393400024378,39.07652999985913],[-94.54328499979034,39.07650599999164],[-94.54326999972173,39.07677300023693],[-94.54212599969897,39.07673600018752],[-94.5409930004452,39.0767010001606],[-94.54101000016362,39.07636399996945],[-94.5408100001471,39.07636299994368],[-94.54081299962182,39.07632200027152],[-94.54045399959662,39.07630999995476],[-94.5404510001219,39.076351000331286],[-94.53984900042245,39.07632999978421],[-94.53983400035384,39.076664000073386],[-94.53870100020174,39.076629000010755],[-94.53751699999601,39.076591999885835],[-94.53700099961198,39.07657900028967],[-94.53675499956468,39.07657300015339],[-94.53645300033921,39.07656499997087],[-94.53633600016335,39.076561999902225],[-94.53564700042524,39.07564099998708],[-94.53535299979907,39.07520799982296],[-94.5353059999434,39.075358999742264],[-94.53528099982906,39.07551300014919],[-94.53523599962321,39.07652499974213],[-94.53466900008385,39.07650299992049],[-94.53471000009175,39.07581199965347],[-94.53457399964931,39.07580700018293],[-94.53455299973292,39.07612100027523],[-94.5342349997156,39.0761099999536],[-94.5341159998899,39.0761109999829],[-94.53410099982129,39.07648200011604],[-94.53326899996807,39.07645400013456],[-94.533277000364,39.07603299974621],[-94.53277699987349,39.07602000004706],[-94.53277600004859,39.076101999718574],[-94.53246100040431,39.076094000180035],[-94.53238799971106,39.076094000180035],[-94.53238699988614,39.07600799967894],[-94.5315380003145,39.07598400033129],[-94.53104299984686,39.07596699980044],[-94.53105000041786,39.07574900030172],[-94.530560999798,39.075732999748965],[-94.53048399980511,39.07573000034228],[-94.53047499958429,39.07594899993136],[-94.53008799997,39.0759370002485],[-94.5294910002934,39.075917000307655],[-94.52897699955919,39.07589400026404],[-94.52898599978003,39.07599900009886],[-94.52832600035428,39.07598100023789],[-94.52830500043788,39.07629899966254],[-94.52780800032042,39.076283999958726],[-94.52737800015011,39.07627200033289],[-94.52686400031422,39.07625699992597],[-94.5258499999878,39.07622699979993],[-94.52495200001235,39.07620299982937],[-94.52487099982147,39.07619999974529],[-94.52396299980029,39.076174999737184],[-94.52370500005743,39.07616800023541],[-94.52292400025783,39.07614500027366],[-94.52257000025551,39.07613399995578],[-94.52189599968771,39.07611200001219],[-94.5214499996239,39.07609800029812],[-94.5205130001887,39.07607000016426],[-94.52026200011852,39.07606299995473],[-94.51961600003814,39.07604400007985],[-94.51963600012965,39.07568500016106],[-94.51822699979301,39.07564099998708],[-94.51820800042475,39.07599700003708],[-94.51795900000442,39.07598799975821],[-94.51677399997378,39.07593900031204],[-94.51672799994303,39.07776299976413],[-94.51615499965759,39.07774799967418],[-94.51606599996913,39.07964099978035],[-94.51654800001796,39.07965600016522],[-94.51720300031918,39.079674999764784],[-94.51719599974817,39.08001000023275],[-94.51661800033817,39.07997699968692],[-94.5166059997443,39.08022799981614],[-94.51656700028454,39.081012999843566],[-94.51598899997623,39.080991000026614],[-94.51541800023892,39.080997999747225],[-94.51538200025392,39.08214399973391],[-94.51528500016953,39.08311800032897],[-94.5151780000394,39.08453200012789],[-94.51516499962061,39.084902000005485],[-94.51514500042745,39.08549700006386],[-94.51528500016953,39.08549799996011],[-94.51526699972787,39.08584300028027],[-94.51624599989418,39.085877000064826],[-94.51618599961972,39.086783999855406],[-94.51739099974185,39.08682499972344],[-94.51742199970398,39.08682600029814],[-94.51732999964248,39.08863000015535],[-94.51741800040435,39.08863299971089],[-94.51735399993191,39.08998799995879],[-94.51717200035704,39.08998300009833],[-94.51709399964092,39.08998099973573],[-94.51647000020019,39.089963999788715],[-94.51615899985555,39.08991399975689],[-94.51566299956299,39.089871999758515],[-94.51544199963006,39.089882000192056],[-94.51518899991007,39.09000400006759],[-94.51495399973342,39.09009199990394],[-94.51494299986277,39.09033200010393],[-94.51544900020106,39.09035399979668],[-94.51543300030754,39.09046199990028],[-94.51540800019318,39.09096399995389],[-94.51540700036826,39.090998999877115],[-94.5154729995922,39.09100100021091],[-94.51544400017819,39.09159499990828],[-94.515417000414,39.092148999746286],[-94.515381000429,39.092738999663766],[-94.51535799996448,39.093358000263585],[-94.51477100033364,39.0933420002185],[-94.51475200006705,39.09394000022035],[-94.51474899969402,39.094031000048886],[-94.51589299971677,39.09406200004795],[-94.51583400016554,39.09497600028284],[-94.51570799976884,39.09762699967079],[-94.51459100040859,39.09759799999131],[-94.51456299992117,39.097597000266596],[-94.51456600029422,39.09763699970174],[-94.51452000026347,39.09849800025564],[-94.51450299964672,39.09882599982566],[-94.51447099985967,39.099421999933945],[-94.51445400014121,39.0999209998716],[-94.51444300027059,39.10034300029668],[-94.51442999985179,39.100813999917584],[-94.51441899998112,39.101284999877514],[-94.51445400014121,39.101286999919466],[-94.51469699981548,39.10114899967939],[-94.5149310001672,39.101042000282256],[-94.51517999968922,39.10095800027037],[-94.51540300017031,39.100906000312484],[-94.51560200036194,39.1008859997822],[-94.51586599995257,39.10088500010411],[-94.5161279998934,39.10090900004296],[-94.51630199997068,39.1009450002845],[-94.51667199986652,39.10102900031187],[-94.5184379996802,39.10143799978678],[-94.51863799969675,39.10143599974911],[-94.51869499959815,39.10144900034158],[-94.51898300037656,39.10145800016048],[-94.51899599989704,39.101235000204206],[-94.51900299956974,39.10110399967909],[-94.51904699995066,39.10108599994975],[-94.5196820001604,39.1007680000237],[-94.52050999981564,39.100408000060014],[-94.52108800012395,39.100212999893095],[-94.52194000006865,39.09997600032621],[-94.52603400011081,39.09893099968868],[-94.52603099973776,39.09901700013055],[-94.5260190000422,39.0995189999357],[-94.52599599957766,39.10055300022779],[-94.5259770002094,39.101382999775595],[-94.52636299999878,39.10140100012622],[-94.52636700019673,39.10133199980296],[-94.52654299992383,39.10133799992465],[-94.52655399979449,39.10114399991312],[-94.52814999972887,39.10119799973998],[-94.52813399983533,39.10151799985319],[-94.52821000000331,39.1015159998178],[-94.52834399989761,39.10151799985319],[-94.52860599983843,39.101526999663285],[-94.52861599988417,39.101352000206674],[-94.53011100043453,39.10140399983563],[-94.53011100043453,39.10136900019687],[-94.53019900029807,39.101371999907634],[-94.5302779999408,39.101373999947114],[-94.53037500002517,39.101378000025974],[-94.53081600006614,39.10139400033896],[-94.53081600006614,39.10142899996533],[-94.53119199980978,39.10144199986195],[-94.53132999990204,39.10162999965425],[-94.53125100025932,39.101660999798064],[-94.53127899984841,39.101706999806396],[-94.53170999984363,39.101477000161616],[-94.53168899992724,39.10161600012457],[-94.53167499968353,39.10189700031086],[-94.53306200027883,39.10195500030415],[-94.53443399990721,39.101997999739524],[-94.5344459996028,39.101536999838224],[-94.53459100026606,39.101546000342964],[-94.5352919996997,39.101570999725226],[-94.53529300042294,39.10154000023897],[-94.53673500037151,39.101586999994424],[-94.53678700025006,39.10160399992794],[-94.53734200009382,39.101622999889734],[-94.53734399974365,39.10158799966255],[-94.53744199965294,39.10159700016084],[-94.53806900036506,39.10161699979229],[-94.53807699986267,39.1014450002668],[-94.53895700029479,39.101473999758184],[-94.5389589999446,39.101420000142724],[-94.53981000006438,39.10144799997434],[-94.53980900023949,39.101502999934816],[-94.54013999977727,39.10151399978234],[-94.54012899990661,39.1017839998744],[-94.5405430001834,39.10179499967807],[-94.54064500029065,39.10179699970556],[-94.54064899959029,39.10170499977631],[-94.54100199976772,39.10171699995575],[-94.54101099998854,39.10154299994246],[-94.54218000012565,39.10158200025926],[-94.54217900030073,39.10161400009189],[-94.54235500002783,39.10161899982483],[-94.54232700043873,39.10217099966701],[-94.54280199991659,39.102192999849],[-94.5428449995743,39.10174400000349],[-94.54368700037156,39.101773000069],[-94.54366800010497,39.10222999979102],[-94.54424100039043,39.102255000324924],[-94.54427200035256,39.10179499967807],[-94.5444930002855,39.10180600017716],[-94.54462399980676,39.10181099989647],[-94.54462600035491,39.10178300020904],[-94.54579200011895,39.1018270001112],[-94.54588599983029,39.101827999775935],[-94.54687699969216,39.10186699993501],[-94.54687800041539,39.101846999677406],[-94.5469289995707,39.101850999729365],[-94.54767699975831,39.101877999725744],[-94.54767299956036,39.10193300004788],[-94.54908500027003,39.10197299981155],[-94.54906000015566,39.102420000280176],[-94.55121299958364,39.10247100016285],[-94.5524760003304,39.102511999973466],[-94.55352800029165,39.10254800009355],[-94.55358699984288,39.10255000009967],[-94.55469599970552,39.10258400019524],[-94.5558489999491,39.10261099991088],[-94.55701300006335,39.10265600034343],[-94.55734600014927,39.10267700002427],[-94.55787500005378,39.10269199969291],[-94.5582499999725,39.10270199970254],[-94.55955200017901,39.10277599972997],[-94.55966500015691,39.10280700006695],[-94.55989000028782,39.10283799969314],[-94.56045099997938,39.10289400031016],[-94.56045699982715,39.10277500007868],[-94.56052200012446,39.10153899987303],[-94.56058499987367,39.100359000147485],[-94.5594390002011,39.10032300030381],[-94.55959900003467,39.09914100033983],[-94.56065099999591,39.099106999978076],[-94.56070799989733,39.09782299974011],[-94.5607689999967,39.09644799974503],[-94.56078300024039,39.096151000045225],[-94.56078499989022,39.09611500014449],[-94.56079400011104,39.09592800003515],[-94.56079599976087,39.095881999742126],[-94.56083400029402,39.09511000031922],[-94.5608400001418,39.09498500023083],[-94.56046400039817,39.094971999840766],[-94.56049199998726,39.09437899977335],[-94.5608689995558,39.094399000057905],[-94.56088399962442,39.094104000339776],[-94.56093300002821,39.09309700016405],[-94.56094800009683,39.09278899978439],[-94.56094999974664,39.09273799987017],[-94.5602429995669,39.092723000175454],[-94.56034899987213,39.09110800020419],[-94.56102900028769,39.09113800027743],[-94.56109700005973,39.08976300031016],[-94.56115599961097,39.08837099970017],[-94.56043799956058,39.088360999749696],[-94.55966799963163,39.08840200009553],[-94.5587980001436,39.08847400008393],[-94.55658500044117,39.08879099982705],[-94.55653799968718,39.088800999716554],[-94.55654199988514,39.08871199981318],[-94.55656799982442,39.088206000335646],[-94.5566239999009,39.08822399986674],[-94.55669800041908,39.08822300000913],[-94.55676299981808,39.088218999881285],[-94.55685099968163,39.08822100029386],[-94.55692400037488,39.0882220001515],[-94.55701200023843,39.08822300000913],[-94.55710500012484,39.08822499972433],[-94.5571999996611,39.08822600027918],[-94.5572990002936,39.08822300000913],[-94.55739899985272,39.08821399989542],[-94.55749900031014,39.088195999664514],[-94.55759899986924,39.08817599971248],[-94.55769599995364,39.08815300017901],[-94.55771900041816,39.08814700032978],[-94.55809299961368,39.08804900016363],[-94.558306000049,39.08800599989123],[-94.55854200005055,39.08798300030228],[-94.55866000005133,39.08793999998965],[-94.55872100015071,39.087838000083636],[-94.55875100028793,39.08775699997119],[-94.55875999961044,39.08770099988213],[-94.55877200020431,39.08737099972418],[-94.55878499972481,39.086701000168716],[-94.55880200034156,39.086310000297324],[-94.55878800009786,39.086216999798395],[-94.55873799986914,39.08611400030236],[-94.55867099992199,39.086077000270656],[-94.55861499984549,39.08605900019167],[-94.55855799994407,39.086049999801844],[-94.5584960000198,39.08604499966222],[-94.55841900002692,39.08604199999668],[-94.55833000033844,39.08603900033096],[-94.55821999983526,39.086035000079214],[-94.55805099978089,39.08602599968632],[-94.55795899971938,39.08601999965616],[-94.55788299955138,39.08602599968632],[-94.55781499977931,39.08603099982728],[-94.55782900002302,39.08585800004367],[-94.55782200035033,39.08568800021382],[-94.56004400027359,39.085762999861124],[-94.56127399961176,39.08581800020261],[-94.56131700016776,39.08511299980363],[-94.56134599958177,39.084640999990064],[-94.561411999704,39.083384000032275],[-94.5614679997805,39.08226000009213],[-94.56147100015356,39.08220099999386],[-94.56152499968191,39.08101800033986],[-94.56160699969769,39.07921199969702]]]}}]}
